<powerpagecomponent powerpagecomponentid="420221db-242f-56dc-73b3-d2b448574c2b">
  <content>{
  "filecontent": null,
  "displayorder": 15,
  "weblinksetid": "344ccb9c-8a5f-40c7-aee0-421e1c5bf86b",
  "pageid": "658ad526-e58a-f3fb-2dab-ebc24a8e2633",
  "publishingstateid": "14ab8097-7358-4744-9b53-e8941ef7d194",
  "displaypagevalidation": false,
  "displayimageonly": false,
  "displaypagechildlinks": false,
  "openinnewwindow": false,
  "robotsfollowlink": true,
  "copy": "undefined",
  "parentweblinkid": null
}</content>
  <iscustomizable>1</iscustomizable>
  <name>Sales Orders</name>
  <powerpagecomponenttype>5</powerpagecomponenttype>
  <powerpagesiteid>
    <powerpagesiteid>24260cea-f583-4b0d-a1f6-fa54465f30a2</powerpagesiteid>
  </powerpagesiteid>
  <statecode>0</statecode>
  <statuscode>1</statuscode>
</powerpagecomponent>