<powerpagecomponent powerpagecomponentid="e32175d5-044a-49c3-bdaa-f100073311ab">
  <content>{"enablerating":false,"enabletracking":false,"excludefromsearch":true,"feedbackpolicy":756150000,"hiddenfromsitemap":true,"isroot":true,"pagetemplateid":"2f3c0c74-9153-4e62-85c0-24e9548b6885","parentpageid":"3c20120f-ae44-4771-8279-18f01d27ba8d","partialurl":"page-not-found","publishingstateid":"14ab8097-7358-4744-9b53-e8941ef7d194","sharedpageconfiguration":false}</content>
  <iscustomizable>1</iscustomizable>
  <name>Page Not Found</name>
  <powerpagecomponenttype>2</powerpagecomponenttype>
  <powerpagesiteid>
    <powerpagesiteid>24260cea-f583-4b0d-a1f6-fa54465f30a2</powerpagesiteid>
  </powerpagesiteid>
  <searchcontent>Page Not Found</searchcontent>
  <statecode>0</statecode>
  <statuscode>1</statuscode>
</powerpagecomponent>