<powerpagecomponent powerpagecomponentid="b4426744-8b60-9d62-c247-8fa5fae1ccd4">
  <content>{
  "filecontent": null,
  "displayorder": 4,
  "parentweblinkid": "420221db-242f-56dc-73b3-d2b448574c2b",
  "weblinksetid": "344ccb9c-8a5f-40c7-aee0-421e1c5bf86b",
  "pageid": "0e969002-53ba-89db-5d18-3e9de382fece",
  "publishingstateid": "14ab8097-7358-4744-9b53-e8941ef7d194",
  "displaypagevalidation": false,
  "displayimageonly": false,
  "displaypagechildlinks": false,
  "openinnewwindow": false,
  "robotsfollowlink": true,
  "copy": "undefined"
}</content>
  <iscustomizable>1</iscustomizable>
  <name>Test Sales Order-deleted</name>
  <powerpagecomponenttype>5</powerpagecomponenttype>
  <powerpagesiteid>
    <powerpagesiteid>24260cea-f583-4b0d-a1f6-fa54465f30a2</powerpagesiteid>
  </powerpagesiteid>
  <statecode>1</statecode>
  <statuscode>2</statuscode>
</powerpagecomponent>