<powerpagecomponent powerpagecomponentid="2050d67e-8714-462c-be0d-d3ba5d714c1a">
  <content>{"adx_webpageaccesscontrolrule_webrole":["4eb7ff28-b72a-485e-95c0-faa3e8251834"],"right":1,"scope":1,"webpageid":"3c20120f-ae44-4771-8279-18f01d27ba8d"}</content>
  <iscustomizable>1</iscustomizable>
  <name>Grant Change to Administrators</name>
  <powerpagecomponenttype>10</powerpagecomponenttype>
  <powerpagesiteid>
    <powerpagesiteid>24260cea-f583-4b0d-a1f6-fa54465f30a2</powerpagesiteid>
  </powerpagesiteid>
  <statecode>0</statecode>
  <statuscode>1</statuscode>
</powerpagecomponent>