<powerpagecomponent powerpagecomponentid="4090faa0-5909-4e24-a831-eae7715e1e2d">
  <content>{"display_name":"Search/Facet/Record Type","type":756150000,"value":"Record Type"}</content>
  <iscustomizable>1</iscustomizable>
  <name>Search/Facet/RecordType</name>
  <powerpagecomponenttype>7</powerpagecomponenttype>
  <powerpagesiteid>
    <powerpagesiteid>24260cea-f583-4b0d-a1f6-fa54465f30a2</powerpagesiteid>
  </powerpagesiteid>
  <powerpagesitelanguageid>
    <powerpagesitelanguageid>bee0ff93-2a87-4e46-a408-415260cf1250</powerpagesitelanguageid>
  </powerpagesitelanguageid>
  <statecode>0</statecode>
  <statuscode>1</statuscode>
</powerpagecomponent>