<powerpagecomponent powerpagecomponentid="df861ffe-ca51-1b20-24c5-7f7c0562fdc3">
  <content>{
  "filecontent": null,
  "displayorder": 8,
  "weblinksetid": "344ccb9c-8a5f-40c7-aee0-421e1c5bf86b",
  "pageid": "fc774f52-4172-fa84-98ad-678df241f15d",
  "publishingstateid": "14ab8097-7358-4744-9b53-e8941ef7d194",
  "displaypagevalidation": false,
  "displayimageonly": false,
  "displaypagechildlinks": false,
  "openinnewwindow": false,
  "robotsfollowlink": true,
  "copy": "undefined",
  "parentweblinkid": null
}</content>
  <iscustomizable>1</iscustomizable>
  <name>Users</name>
  <powerpagecomponenttype>5</powerpagecomponenttype>
  <powerpagesiteid>
    <powerpagesiteid>24260cea-f583-4b0d-a1f6-fa54465f30a2</powerpagesiteid>
  </powerpagesiteid>
  <statecode>0</statecode>
  <statuscode>1</statuscode>
</powerpagecomponent>