<powerpagecomponent powerpagecomponentid="3c478596-6c10-4c55-8955-397925747689">
  <content>{"status":"enable","selectedThemeId":"215708aa-2dcb-4ec1-829b-7121994ebcc3","siteSettingId":"3c478596-6c10-4c55-8955-397925747689","version":"V2"}</content>
  <iscustomizable>1</iscustomizable>
  <name>ThemeFeature</name>
  <powerpagecomponenttype>9</powerpagecomponenttype>
  <powerpagesiteid>
    <powerpagesiteid>24260cea-f583-4b0d-a1f6-fa54465f30a2</powerpagesiteid>
  </powerpagesiteid>
  <statecode>0</statecode>
  <statuscode>1</statuscode>
</powerpagecomponent>