<powerpagecomponent powerpagecomponentid="ee8d62e6-c6a3-3f17-c744-97d2f5dfe923">
  <content>{
  "filecontent": null,
  "displayorder": 2,
  "parentweblinkid": "ab4f7381-c5a7-8f54-4976-bb514b8437f4",
  "weblinksetid": "344ccb9c-8a5f-40c7-aee0-421e1c5bf86b",
  "pageid": "d7d24ff9-820a-4f21-e2b3-7a0f75d2e97a",
  "publishingstateid": "14ab8097-7358-4744-9b53-e8941ef7d194",
  "displaypagevalidation": false,
  "displayimageonly": false,
  "displaypagechildlinks": false,
  "openinnewwindow": false,
  "robotsfollowlink": true,
  "copy": "undefined"
}</content>
  <iscustomizable>1</iscustomizable>
  <name>Invoices-deleted</name>
  <powerpagecomponenttype>5</powerpagecomponenttype>
  <powerpagesiteid>
    <powerpagesiteid>24260cea-f583-4b0d-a1f6-fa54465f30a2</powerpagesiteid>
  </powerpagesiteid>
  <statecode>1</statecode>
  <statuscode>2</statuscode>
</powerpagecomponent>