<powerpagecomponent powerpagecomponentid="0d011683-6b7e-4c03-99f7-ed1894c12aaf">
  <content>{"createdOn":"2024-11-18T13:32:42.837Z","parentpageid":"3c20120f-ae44-4771-8279-18f01d27ba8d","publishingstateid":"14ab8097-7358-4744-9b53-e8941ef7d194","partialurl":"Ajar Logo.png","title":"","summary":"","enabletracking":false,"excludefromsearch":false,"hiddenfromsitemap":false}</content>
  <filecontent mimetype="image/png">Ajar%20Logo.png</filecontent>
  <iscustomizable>1</iscustomizable>
  <name>Ajar Logo.png</name>
  <powerpagecomponenttype>3</powerpagecomponenttype>
  <powerpagesiteid>
    <powerpagesiteid>24260cea-f583-4b0d-a1f6-fa54465f30a2</powerpagesiteid>
  </powerpagesiteid>
  <statecode>0</statecode>
  <statuscode>1</statuscode>
</powerpagecomponent>