<powerpagecomponent powerpagecomponentid="9ccf9d83-866e-ef11-a670-002248a0cd2a">
  <content>{"botschemaname":"cr26b_8677a9f1-d603-4b61-a3ab-78dbccab9292","configjson":"{\"skillConfigViewName\":\"Site 1 bot Answers\"}"}</content>
  <iscustomizable>1</iscustomizable>
  <name>Bot Consumer</name>
  <powerpagecomponenttype>27</powerpagecomponenttype>
  <powerpagesiteid>
    <powerpagesiteid>24260cea-f583-4b0d-a1f6-fa54465f30a2</powerpagesiteid>
  </powerpagesiteid>
  <statecode>0</statecode>
  <statuscode>1</statuscode>
</powerpagecomponent>