<powerpagecomponent powerpagecomponentid="89c4f6e8-678c-4114-b778-513331ce8a9c">
  <content>{"disablepagevalidation":false,"displayimageonly":false,"displayorder":1,"displaypagechildlinks":false,"openinnewwindow":false,"pageid":"3c20120f-ae44-4771-8279-18f01d27ba8d","publishingstateid":"14ab8097-7358-4744-9b53-e8941ef7d194","robotsfollowlink":true,"weblinksetid":"67e5ae39-dccb-4371-92d6-c4baedaef21d"}</content>
  <iscustomizable>1</iscustomizable>
  <name>Home</name>
  <powerpagecomponenttype>5</powerpagecomponenttype>
  <powerpagesiteid>
    <powerpagesiteid>24260cea-f583-4b0d-a1f6-fa54465f30a2</powerpagesiteid>
  </powerpagesiteid>
  <statecode>0</statecode>
  <statuscode>1</statuscode>
</powerpagecomponent>