<powerpagecomponent powerpagecomponentid="04ae339a-34ab-ef11-b8e8-002248a1780d">
  <content>{
  "source": "&lt;style&gt;\r\n/* Styling the Nav Bar */\r\nnav {\r\n    cursor: pointer;\r\n    position: fixed;\r\n    top: 0;\r\n    bottom: 0;\r\n    left: -16em;\r\n    box-shadow: 10px 10px 40px white;\r\n    border-right: 30px solid #00C0C9; /* Light teal blue border from the image */\r\n    background-color: #00C0C9; /* Matching the header's background color */\r\n    z-index: 9999; /* Ensure it stays on top */\r\n    overflow-y: auto;\r\n}\r\n\r\nnav ul {\r\n    width: 16em;\r\n    list-style-type: none;\r\n    padding: 1em;\r\n    margin: 0;\r\n}\r\n\r\n/* Adding Animations to nav and all its child elements */\r\nnav, nav * {\r\n    transition: all 600ms ease-in-out;\r\n}\r\n\r\n/* On hover expanding the Site Bar */\r\nnav:hover {\r\n    left: 0;\r\n}\r\n\r\nnav ul li a {\r\n    font-size: 25px !important;\r\n    color: white; /* Matching text color in the header */\r\n}\r\n\r\nnav ul li {\r\n    width: 100% !important;\r\n    margin: 0.1em 0;\r\n}\r\n\r\n.navbar-nav {\r\n    overflow: auto !important;\r\n    height: 100vh;\r\n}\r\n\r\n/* Hiding the Vertical Divider */\r\n.divider-vertical {\r\n    display: none !important;\r\n}\r\n\r\n.dropdown-menu {\r\n    position: relative !important;\r\n}\r\n\r\n.nav-item {\r\n    height: 0px; /* Optional to adjust spacing between items */\r\n}\r\n\r\n/* Right arrow Style for Users to identify the SiteMap */\r\n#rightArrow {\r\n    position: absolute;\r\n    color: white;\r\n    top: 50%;\r\n    left: 110%;\r\n    z-index: 2;\r\n    border: 50% solid white;\r\n    width: 20px;\r\n    height: 28px;\r\n    border-top: 20px solid transparent;\r\n    border-bottom: 20px solid transparent;\r\n    border-left: 20px solid #00C0C9; /* Same teal blue as the sidebar */\r\n}\r\n\r\n&lt;/style&gt;\r\n\r\n&lt;script src=\"https://ajax.googleapis.com/ajax/libs/jquery/3.6.4/jquery.min.js\" &lt;/script&gt; \r\n&lt;script&gt;\r\n$(document).ready(()=&gt;{ \r\n    let nav; \r\n    let rightArrow = \"&lt;span id='rightArrow'&gt;&lt;/span&gt;\" \r\n    nav = $(\".nav\"); $(nav).append(rightArrow) }) \r\n&lt;/script&gt;"
}</content>
  <iscustomizable>1</iscustomizable>
  <name>Custom Sidebar</name>
  <powerpagecomponenttype>8</powerpagecomponenttype>
  <powerpagesiteid>
    <powerpagesiteid>24260cea-f583-4b0d-a1f6-fa54465f30a2</powerpagesiteid>
  </powerpagesiteid>
  <statecode>0</statecode>
  <statuscode>1</statuscode>
</powerpagecomponent>