<powerpagecomponent powerpagecomponentid="3ea28e5e-6728-4d80-808e-dfc8428a2677">
  <content>{"adddescription":false,"attributelogicalname":"adx_contactemail","descriptionposition":100000000,"entityform":"b0ce18eb-594c-4178-8285-4af8352841be","fieldisrequired":true,"ignoredefaultvalue":false,"onsavetype":100000000,"randomizeoptionsetvalues":false,"setvalueonsave":false,"type":100000000,"useattributedescriptionproperty":true}</content>
  <iscustomizable>1</iscustomizable>
  <name>simple contact us form adx_contactemail</name>
  <powerpagecomponenttype>16</powerpagecomponenttype>
  <powerpagesiteid>
    <powerpagesiteid>24260cea-f583-4b0d-a1f6-fa54465f30a2</powerpagesiteid>
  </powerpagesiteid>
  <statecode>0</statecode>
  <statuscode>1</statuscode>
</powerpagecomponent>