<powerpagecomponent powerpagecomponentid="5e2849be-4cc1-4d88-982f-a11b177b9877">
  <content>{
  "filecontent": null,
  "disablepagevalidation": false,
  "displayimageonly": false,
  "displayorder": 2,
  "displaypagechildlinks": false,
  "openinnewwindow": false,
  "pageid": "8bb4f950-026d-4022-b188-69e4e70695af",
  "publishingstateid": "14ab8097-7358-4744-9b53-e8941ef7d194",
  "robotsfollowlink": true,
  "weblinksetid": "344ccb9c-8a5f-40c7-aee0-421e1c5bf86b",
  "copy": "undefined"
}</content>
  <iscustomizable>1</iscustomizable>
  <name>Pages-deleted</name>
  <powerpagecomponenttype>5</powerpagecomponenttype>
  <powerpagesiteid>
    <powerpagesiteid>24260cea-f583-4b0d-a1f6-fa54465f30a2</powerpagesiteid>
  </powerpagesiteid>
  <statecode>1</statecode>
  <statuscode>2</statuscode>
</powerpagecomponent>