<powerpagecomponent powerpagecomponentid="a5efe1e3-0b4e-4703-970b-a5e01319109c">
  <content>{
  "display_name": "Footer",
  "type": 756150001,
  "value": "&lt;p class=\"smallText\"&gt;Copyright © &lt;/p&gt;\r\n&lt;p class=\"smallText\"&gt;{{ now | date: 'yyyy' }}&lt;/p&gt;\r\n&lt;p class=\"smallText\"&gt;. All rights reserved.&lt;/p&gt;"
}</content>
  <iscustomizable>1</iscustomizable>
  <name>Footer</name>
  <powerpagecomponenttype>7</powerpagecomponenttype>
  <powerpagesiteid>
    <powerpagesiteid>24260cea-f583-4b0d-a1f6-fa54465f30a2</powerpagesiteid>
  </powerpagesiteid>
  <powerpagesitelanguageid>
    <powerpagesitelanguageid>bee0ff93-2a87-4e46-a408-415260cf1250</powerpagesitelanguageid>
  </powerpagesitelanguageid>
  <statecode>0</statecode>
  <statuscode>1</statuscode>
</powerpagecomponent>