<powerpagecomponent powerpagecomponentid="b0ce18eb-594c-4178-8285-4af8352841be">
  <content>{
  "filecontent": null,
  "appendquerystring": false,
  "associatecurrentportaluser": false,
  "attachfile": false,
  "attachfileallowmultiple": false,
  "attachfilerequired": false,
  "attachfilerestrictaccept": false,
  "autogeneratesteps": false,
  "captcharequired": false,
  "entityname": "mserp_salesorderheaderv4entity",
  "entitypermissionsenabled": true,
  "forceallfieldsrequired": false,
  "formname": "Information",
  "geolocation_displaymap": false,
  "geolocation_enabled": false,
  "geolocation_maptype": 756150000,
  "hideformonsuccess": true,
  "mode": 100000000,
  "onsuccess": "756150000",
  "populatereferenceentitylookupfield": false,
  "portaluserlookupattributeisactivityparty": false,
  "recommendedfieldsrequired": false,
  "recordsourceallowcreateonnull": false,
  "redirecturlappendentityidquerystring": false,
  "referenceentityshowreadonlyform": false,
  "referencequerystringisprimarykey": true,
  "renderwebresourcesinline": false,
  "setentityreference": false,
  "showcaptchaforauthenticatedusers": false,
  "showownerfields": false,
  "showunsupportedfields": false,
  "tooltipenabled": false,
  "validationsummarylinksenabled": true,
  "entityFormMetadatas": [
    "c3fe56e6-57e3-4e78-af9c-c963d78bd932",
    "3ea28e5e-6728-4d80-808e-dfc8428a2677",
    "4fe37ec8-9f88-44e9-9090-f7a9904f7d02"
  ],
  "lcid": 1033,
  "successmessage": "[{\"LCID\":1033,\"Value\":\"created\"}]",
  "maximumnooffiles": 5,
  "containername": "",
  "storageaccountname": "",
  "attachfilelabel": "",
  "attachfilestoragelocation": 756150000,
  "attachfilemaxsize": null,
  "entitysourcetype": null,
  "recordidquerystringparametername": null,
  "redirecturl": null,
  "redirectwebpage": null,
  "copy": "undefined"
}</content>
  <iscustomizable>1</iscustomizable>
  <name>simple contact us form</name>
  <powerpagecomponenttype>15</powerpagecomponenttype>
  <powerpagesiteid>
    <powerpagesiteid>24260cea-f583-4b0d-a1f6-fa54465f30a2</powerpagesiteid>
  </powerpagesiteid>
  <statecode>0</statecode>
  <statuscode>1</statuscode>
</powerpagecomponent>