<powerpagecomponent powerpagecomponentid="615c26fc-246f-4a01-9413-64ee3e57f667">
  <content>{"entityname":"adx_webpage","isdefault":false,"rewriteurl":"~/Pages/FullPage.aspx","type":756150000,"usewebsiteheaderandfooter":true}</content>
  <iscustomizable>1</iscustomizable>
  <name>Full Page</name>
  <powerpagecomponenttype>6</powerpagecomponenttype>
  <powerpagesiteid>
    <powerpagesiteid>24260cea-f583-4b0d-a1f6-fa54465f30a2</powerpagesiteid>
  </powerpagesiteid>
  <statecode>0</statecode>
  <statuscode>1</statuscode>
</powerpagecomponent>