<powerpagecomponent powerpagecomponentid="3725d447-2239-b232-c92c-3561bb624bc6">
  <content>{
  "filecontent": null,
  "webpageid": "11f81fee-5ca6-f1f9-f49f-6c17bf5114c4",
  "right": 1,
  "scope": 1,
  "adx_webpageaccesscontrolrule_webrole": [
    "ef8b3d8d-497b-ef11-ac20-7c1e5220a025",
    "26276e74-2aa7-ef11-b8e8-002248a1780d"
  ],
  "copy": "undefined"
}</content>
  <iscustomizable>1</iscustomizable>
  <name>Restrict Read on Assign Customer to User</name>
  <powerpagecomponenttype>10</powerpagecomponenttype>
  <powerpagesiteid>
    <powerpagesiteid>24260cea-f583-4b0d-a1f6-fa54465f30a2</powerpagesiteid>
  </powerpagesiteid>
  <statecode>0</statecode>
  <statuscode>1</statuscode>
</powerpagecomponent>