<powerpagecomponent powerpagecomponentid="c89acfb9-9056-45de-953a-8b9ed94feb83">
  <content>{
  "filecontent": null,
  "disablepagevalidation": false,
  "displayimageonly": false,
  "displayorder": 3,
  "displaypagechildlinks": false,
  "openinnewwindow": false,
  "pageid": "e0008a9e-3a6c-4480-a31d-9ff34bd83874",
  "publishingstateid": "14ab8097-7358-4744-9b53-e8941ef7d194",
  "robotsfollowlink": true,
  "weblinksetid": "344ccb9c-8a5f-40c7-aee0-421e1c5bf86b",
  "copy": "undefined"
}</content>
  <iscustomizable>1</iscustomizable>
  <name>Contact us-deleted</name>
  <powerpagecomponenttype>5</powerpagecomponenttype>
  <powerpagesiteid>
    <powerpagesiteid>24260cea-f583-4b0d-a1f6-fa54465f30a2</powerpagesiteid>
  </powerpagesiteid>
  <statecode>1</statecode>
  <statuscode>2</statuscode>
</powerpagecomponent>