<powerpagecomponent powerpagecomponentid="85020b7a-8ec0-434a-90ba-dc681daa8d53">
  <content>{"disablepagevalidation":false,"displayimageonly":false,"displayorder":4,"displaypagechildlinks":false,"openinnewwindow":false,"publishingstateid":"14ab8097-7358-4744-9b53-e8941ef7d194","robotsfollowlink":true,"weblinksetid":"67e5ae39-dccb-4371-92d6-c4baedaef21d"}</content>
  <iscustomizable>1</iscustomizable>
  <name>Contact us</name>
  <powerpagecomponenttype>5</powerpagecomponenttype>
  <powerpagesiteid>
    <powerpagesiteid>24260cea-f583-4b0d-a1f6-fa54465f30a2</powerpagesiteid>
  </powerpagesiteid>
  <statecode>0</statecode>
  <statuscode>1</statuscode>
</powerpagecomponent>