<powerpagecomponent powerpagecomponentid="f842a340-3f44-4f7f-9c8a-59af71bb2b7e">
  <content>{
  "enablerating": false,
  "enabletracking": false,
  "excludefromsearch": false,
  "feedbackpolicy": 756150000,
  "hiddenfromsitemap": false,
  "isroot": true,
  "pagetemplateid": "047ec61b-5bfc-4391-9103-80d3f8e1bf8b",
  "parentpageid": "3c20120f-ae44-4771-8279-18f01d27ba8d",
  "partialurl": "profile",
  "publishingstateid": "14ab8097-7358-4744-9b53-e8941ef7d194",
  "sharedpageconfiguration": false,
  "title": "Profile"
}</content>
  <iscustomizable>1</iscustomizable>
  <name>Profile</name>
  <powerpagecomponenttype>2</powerpagecomponenttype>
  <powerpagesiteid>
    <powerpagesiteid>24260cea-f583-4b0d-a1f6-fa54465f30a2</powerpagesiteid>
  </powerpagesiteid>
  <searchcontent>ProfileProfile</searchcontent>
  <statecode>0</statecode>
  <statuscode>1</statuscode>
</powerpagecomponent>