<powerpagecomponent powerpagecomponentid="41d1e742-3b27-0c4c-9e28-c87c62ef6a31">
  <content>{
  "filecontent": null,
  "displayorder": 3,
  "parentweblinkid": "ab4f7381-c5a7-8f54-4976-bb514b8437f4",
  "weblinksetid": "344ccb9c-8a5f-40c7-aee0-421e1c5bf86b",
  "pageid": "2f0a9c53-bdda-3daf-2fd7-51ff39f46284",
  "publishingstateid": "14ab8097-7358-4744-9b53-e8941ef7d194",
  "displaypagevalidation": false,
  "displayimageonly": false,
  "displaypagechildlinks": false,
  "openinnewwindow": false,
  "robotsfollowlink": true,
  "copy": "undefined"
}</content>
  <iscustomizable>1</iscustomizable>
  <name>InvoiceDetail-deleted</name>
  <powerpagecomponenttype>5</powerpagecomponenttype>
  <powerpagesiteid>
    <powerpagesiteid>24260cea-f583-4b0d-a1f6-fa54465f30a2</powerpagesiteid>
  </powerpagesiteid>
  <statecode>1</statecode>
  <statuscode>2</statuscode>
</powerpagecomponent>