<powerpagecomponent powerpagecomponentid="fd07e2e5-b109-4f51-a2d1-dc9442af5592">
  <content>{
  "progressindicatorenabled": true,
  "multiplerecordsperuserpermitted": true,
  "progressindicatorposition": 756150000,
  "editexistingrecordpermitted": true,
  "copy": "undefined"
}</content>
  <iscustomizable>1</iscustomizable>
  <name>Multistep form 1</name>
  <powerpagecomponenttype>19</powerpagecomponenttype>
  <powerpagesiteid>
    <powerpagesiteid>24260cea-f583-4b0d-a1f6-fa54465f30a2</powerpagesiteid>
  </powerpagesiteid>
  <statecode>0</statecode>
  <statuscode>1</statuscode>
</powerpagecomponent>