<powerpagecomponent powerpagecomponentid="21cb72ac-4834-19ff-9241-2ecd33663d06">
  <content>{"filecontent":null,"displayorder":25,"customcss":"","customjavascript":"","pagetemplateid":"2f3c0c74-9153-4e62-85c0-24e9548b6885","parentpageid":"3c20120f-ae44-4771-8279-18f01d27ba8d","partialurl":"Add-Sales-Order-Line","isroot":false,"rootwebpageid":"dd90f63d-4b0e-9317-830a-5e8521c6ef2f","title":"Add Sales Order Line","summary":"&lt;p&gt;This is a sample landing page designed to be a starting point for your website&lt;/p&gt;","copy":"{% assign salesOrderNumber = request.params['salesOrder'] %} {% assign dataAreaId = request.params['dataAreaId'] %} {% fetchxml mserp_salesorderheaderv4entity %}\n&lt;fetch distinct=\"false\" mapping=\"logical\" output-format=\"xml-platform\" version=\"1.0\"&gt;\n  &lt;entity name=\"mserp_salesorderheaderv4entity\"&gt;\n    &lt;attribute name=\"mserp_salesordernumber\" /&gt;\n    &lt;filter&gt;\n      &lt;condition operator=\"eq\" attribute=\"mserp_salesordernumber\" value=\"{{ salesOrderNumber }}\" /&gt;\n    &lt;/filter&gt;\n  &lt;/entity&gt;\n&lt;/fetch&gt;\n{% endfetchxml %}\n\n&lt;script&gt;\n  var salesOrderNum = \"{{ salesOrderNumber }}\";  // Liquid passes the value here\n  var dataArea = \"{{ dataAreaId }}\";\n\n  // Wait for the page to load before executing the JavaScript\n  window.addEventListener('load', function () {\n\n    console.log('Sales Order Number:', salesOrderNum);  // Debug message\n    console.log('Data Area ID:', dataArea);  // Debug message\n    \n      // Function to set the customer account in the form field\n      function setCustomerAccount() {\n        console.log('Setting customer account');  // Debug message\n        var salesOrderInput = document.getElementById('mserp_salesordernumber');\n          if (salesOrderInput) {\n              salesOrderInput.value = salesOrderNum;\n              console.log('Sales Order Number set to:', salesOrderNum);  // Debug message\n          } else {\n              console.error('Sales Order Number input not found');  // Debug message\n          }\n\n          // Set the data area ID field\n          // var dataAreaInput = document.getElementById('mserp_dataareaid');\n          // if (dataAreaInput) {\n          //     dataAreaInput.value = dataArea;\n          // }\n        }\n      // Call the function to set the customer account\n      setCustomerAccount();\n      console.log('setCustomerAccount' );\n  });\n&lt;/script&gt;\n\n&lt;div class=\"row sectionBlockLayout text-start\" style=\"display: flex; flex-wrap: wrap; margin: 0px; min-height: auto; padding: 8px;\"&gt;\n  &lt;div class=\"container\" style=\"display: flex; flex-wrap: wrap;\"&gt;&lt;div class=\"col-lg-12 columnBlockLayout\" style=\"flex-grow: 1; display: flex; flex-direction: column; min-width: 250px; padding: 16px; margin: 60px 0px;\"&gt;{% entityform name: 'Create Sales Order Line' %}&lt;/div&gt;&lt;/div&gt;\n&lt;/div&gt;\n","publishingstateid":"14ab8097-7358-4744-9b53-e8941ef7d194","enablerating":false,"enabletracking":false,"excludefromsearch":false,"hiddenfromsitemap":true,"sharedpageconfiguration":false}</content>
  <iscustomizable>1</iscustomizable>
  <name>Add Sales Order Line</name>
  <powerpagecomponenttype>2</powerpagecomponenttype>
  <powerpagesiteid>
    <powerpagesiteid>24260cea-f583-4b0d-a1f6-fa54465f30a2</powerpagesiteid>
  </powerpagesiteid>
  <powerpagesitelanguageid>
    <powerpagesitelanguageid>bee0ff93-2a87-4e46-a408-415260cf1250</powerpagesitelanguageid>
  </powerpagesitelanguageid>
  <searchcontent>Add Sales Order Line{% assign salesOrderNumber = request.params['salesOrder'] %} {% assign dataAreaId = request.params['dataAreaId'] %} {% fetchxml mserp_salesorderheaderv4entity %}
&lt;fetch distinct="false" mapping="logical" output-format="xml-platform" version="1.0"&gt;
  &lt;entity name="mserp_salesorderheaderv4entity"&gt;
    &lt;attribute name="mserp_salesordernumber" /&gt;
    &lt;filter&gt;
      &lt;condition operator="eq" attribute="mserp_salesordernumber" value="{{ salesOrderNumber }}" /&gt;
    &lt;/filter&gt;
  &lt;/entity&gt;
&lt;/fetch&gt;
{% endfetchxml %}

&lt;script&gt;
  var salesOrderNum = "{{ salesOrderNumber }}";  // Liquid passes the value here
  var dataArea = "{{ dataAreaId }}";

  // Wait for the page to load before executing the JavaScript
  window.addEventListener('load', function () {

    console.log('Sales Order Number:', salesOrderNum);  // Debug message
    console.log('Data Area ID:', dataArea);  // Debug message
    
      // Function to set the customer account in the form field
      function setCustomerAccount() {
        console.log('Setting customer account');  // Debug message
        var salesOrderInput = document.getElementById('mserp_salesordernumber');
          if (salesOrderInput) {
              salesOrderInput.value = salesOrderNum;
              console.log('Sales Order Number set to:', salesOrderNum);  // Debug message
          } else {
              console.error('Sales Order Number input not found');  // Debug message
          }

          // Set the data area ID field
          // var dataAreaInput = document.getElementById('mserp_dataareaid');
          // if (dataAreaInput) {
          //     dataAreaInput.value = dataArea;
          // }
        }
      // Call the function to set the customer account
      setCustomerAccount();
      console.log('setCustomerAccount' );
  });
&lt;/script&gt;

&lt;div class="row sectionBlockLayout text-start" style="display: flex; flex-wrap: wrap; margin: 0px; min-height: auto; padding: 8px;"&gt;
  &lt;div class="container" style="display: flex; flex-wrap: wrap;"&gt;&lt;div class="col-lg-12 columnBlockLayout" style="flex-grow: 1; display: flex; flex-direction: column; min-width: 250px; padding: 16px; margin: 60px 0px;"&gt;{% entityform name: 'Create Sales Order Line' %}&lt;/div&gt;&lt;/div&gt;
&lt;/div&gt;
Add Sales Order Line</searchcontent>
  <statecode>0</statecode>
  <statuscode>1</statuscode>
</powerpagecomponent>