<powerpagecomponent powerpagecomponentid="fbe96461-2fe6-4bf8-8943-635398ddce3e">
  <content>{"filecontent":null,"lcid":1033,"entityname":"contact","formname":"Contact","mode":100000000,"onsuccess":756150000,"hideformonsuccess":true,"redirectwebpage":null,"redirecturl":null,"captcharequired":false,"showcaptchaforauthenticatedusers":false,"entitypermissionsenabled":true,"attachfilestoragelocation":756150000,"attachfilemaxsize":null,"maximumnooffiles":5,"entitysourcetype":null,"recordidquerystringparametername":null,"copy":"undefined","geolocation_maptype":756150000,"forceallfieldsrequired":true,"entityFormMetadatas":[],"settings":"{\"$type\":\"Adxstudio.Xrm.Web.UI.JsonConfiguration.FormActionMetadata, Adxstudio.Xrm\",\"Actions\":[],\"DeleteDialog\":{\"$type\":\"Adxstudio.Xrm.Web.UI.JsonConfiguration.DeleteModal, Adxstudio.Xrm\",\"Title\":[{\"$type\":\"Adxstudio.Xrm.Web.UI.WebForms.LanguageResources, Adxstudio.Xrm\",\"LCID\":1033,\"Value\":\"\"}],\"PrimaryButtonText\":[{\"$type\":\"Adxstudio.Xrm.Web.UI.WebForms.LanguageResources, Adxstudio.Xrm\",\"LCID\":1033,\"Value\":\"\"}],\"CloseButtonText\":[{\"$type\":\"Adxstudio.Xrm.Web.UI.WebForms.LanguageResources, Adxstudio.Xrm\",\"LCID\":1033,\"Value\":\"\"}],\"DismissButtonSrText\":[{\"$type\":\"Adxstudio.Xrm.Web.UI.WebForms.LanguageResources, Adxstudio.Xrm\",\"LCID\":1033,\"Value\":\"\"}],\"Size\":0,\"CssClass\":\"\",\"TitleCssClass\":\"\",\"PrimaryButtonCssClass\":\"\",\"CloseButtonCssClass\":\"\"},\"WorkflowDialog\":{\"$type\":\"Adxstudio.Xrm.Web.UI.JsonConfiguration.WorkflowModal, Adxstudio.Xrm\",\"Title\":[{\"$type\":\"Adxstudio.Xrm.Web.UI.WebForms.LanguageResources, Adxstudio.Xrm\",\"LCID\":1033,\"Value\":\"\"}],\"PrimaryButtonText\":[{\"$type\":\"Adxstudio.Xrm.Web.UI.WebForms.LanguageResources, Adxstudio.Xrm\",\"LCID\":1033,\"Value\":\"\"}],\"CloseButtonText\":[{\"$type\":\"Adxstudio.Xrm.Web.UI.WebForms.LanguageResources, Adxstudio.Xrm\",\"LCID\":1033,\"Value\":\"\"}],\"DismissButtonSrText\":[{\"$type\":\"Adxstudio.Xrm.Web.UI.WebForms.LanguageResources, Adxstudio.Xrm\",\"LCID\":1033,\"Value\":\"\"}],\"Size\":0,\"CssClass\":\"\",\"TitleCssClass\":\"\",\"PrimaryButtonCssClass\":\"\",\"CloseButtonCssClass\":\"\"},\"ActionDropDownButtonLabel\":[{\"$type\":\"Adxstudio.Xrm.Web.UI.WebForms.LanguageResources, Adxstudio.Xrm\",\"LCID\":1033,\"Value\":\"\"}],\"TopContainerCssClass\":\"\",\"BottomContainerCssClass\":\"\",\"ShowSaveChangesWarningOnExit\":false,\"SaveChangesWarningMessage\":[{\"$type\":\"Adxstudio.Xrm.Web.UI.WebForms.LanguageResources, Adxstudio.Xrm\",\"LCID\":1033,\"Value\":\"\"}],\"ActivateDialog\":{\"$type\":\"Adxstudio.Xrm.Web.UI.JsonConfiguration.ActivateModal,\\tAdxstudio.Xrm\",\"Title\":[{\"$type\":\"Adxstudio.Xrm.Web.UI.WebForms.LanguageResources, Adxstudio.Xrm\",\"LCID\":1033,\"Value\":\"\"}],\"PrimaryButtonText\":[{\"$type\":\"Adxstudio.Xrm.Web.UI.WebForms.LanguageResources, Adxstudio.Xrm\",\"LCID\":1033,\"Value\":\"\"}],\"CloseButtonText\":[{\"$type\":\"Adxstudio.Xrm.Web.UI.WebForms.LanguageResources, Adxstudio.Xrm\",\"LCID\":1033,\"Value\":\"\"}],\"DismissButtonSrText\":[{\"$type\":\"Adxstudio.Xrm.Web.UI.WebForms.LanguageResources, Adxstudio.Xrm\",\"LCID\":1033,\"Value\":\"\"}],\"Size\":0,\"CssClass\":\"\",\"TitleCssClass\":\"\",\"PrimaryButtonCssClass\":\"\",\"CloseButtonCssClass\":\"\"},\"DeactivateDialog\":{\"$type\":\"Adxstudio.Xrm.Web.UI.JsonConfiguration.DeactivateModal,\\tAdxstudio.Xrm\",\"Title\":[{\"$type\":\"Adxstudio.Xrm.Web.UI.WebForms.LanguageResources, Adxstudio.Xrm\",\"LCID\":1033,\"Value\":\"\"}],\"PrimaryButtonText\":[{\"$type\":\"Adxstudio.Xrm.Web.UI.WebForms.LanguageResources, Adxstudio.Xrm\",\"LCID\":1033,\"Value\":\"\"}],\"CloseButtonText\":[{\"$type\":\"Adxstudio.Xrm.Web.UI.WebForms.LanguageResources, Adxstudio.Xrm\",\"LCID\":1033,\"Value\":\"\"}],\"DismissButtonSrText\":[{\"$type\":\"Adxstudio.Xrm.Web.UI.WebForms.LanguageResources, Adxstudio.Xrm\",\"LCID\":1033,\"Value\":\"\"}],\"Size\":0,\"CssClass\":\"\",\"TitleCssClass\":\"\",\"PrimaryButtonCssClass\":\"\",\"CloseButtonCssClass\":\"\"},\"CreateRelatedRecordDialog\":{\"$type\":\"Adxstudio.Xrm.Web.UI.JsonConfiguration.CreateRelatedRecordModal, Adxstudio.Xrm\",\"PrimaryButtonText\":[{\"$type\":\"Adxstudio.Xrm.Web.UI.WebForms.LanguageResources, Adxstudio.Xrm\",\"LCID\":1033,\"Value\":\"\"}],\"CloseButtonText\":[{\"$type\":\"Adxstudio.Xrm.Web.UI.WebForms.LanguageResources, Adxstudio.Xrm\",\"LCID\":1033,\"Value\":\"\"}],\"PrimaryButtonCssClass\":\"\",\"CloseButtonCssClass\":\"\",\"Title\":[{\"$type\":\"Adxstudio.Xrm.Web.UI.WebForms.LanguageResources, Adxstudio.Xrm\",\"LCID\":1033,\"Value\":\"\"}],\"DismissButtonSrText\":[{\"$type\":\"Adxstudio.Xrm.Web.UI.WebForms.LanguageResources, Adxstudio.Xrm\",\"LCID\":1033,\"Value\":\"\"}],\"Size\":0,\"CssClass\":\"\",\"TitleCssClass\":\"\"}}","registerstartupscript":""}</content>
  <iscustomizable>1</iscustomizable>
  <name>Contact</name>
  <powerpagecomponenttype>15</powerpagecomponenttype>
  <powerpagesiteid>
    <powerpagesiteid>24260cea-f583-4b0d-a1f6-fa54465f30a2</powerpagesiteid>
  </powerpagesiteid>
  <statecode>0</statecode>
  <statuscode>1</statuscode>
</powerpagecomponent>