<powerpagecomponent powerpagecomponentid="07dbf44d-93f1-5ff4-4d3b-d51f541ac8d2">
  <content>{
  "filecontent": null,
  "webpageid": "3c20120f-ae44-4771-8279-18f01d27ba8d",
  "right": 2,
  "scope": 2,
  "adx_webpageaccesscontrolrule_webrole": [
    "80b309ff-4aa6-ef11-8a69-002248a1780d",
    "ef8b3d8d-497b-ef11-ac20-7c1e5220a025",
    "26276e74-2aa7-ef11-b8e8-002248a1780d"
  ],
  "copy": "undefined"
}</content>
  <iscustomizable>1</iscustomizable>
  <name>Restrict Read on Home</name>
  <powerpagecomponenttype>10</powerpagecomponenttype>
  <powerpagesiteid>
    <powerpagesiteid>24260cea-f583-4b0d-a1f6-fa54465f30a2</powerpagesiteid>
  </powerpagesiteid>
  <statecode>0</statecode>
  <statuscode>1</statuscode>
</powerpagecomponent>