<powerpagecomponent powerpagecomponentid="11516194-650a-4360-8583-eb9f32f196e2">
  <content>{
  "description": "Sets whether or not the portal can redirect the user to the profile page after successful sign-in. By default, it is set to true.",
  "value": "false"
}</content>
  <iscustomizable>1</iscustomizable>
  <name>Authentication/Registration/ProfileRedirectEnabled</name>
  <powerpagecomponenttype>9</powerpagecomponenttype>
  <powerpagesiteid>
    <powerpagesiteid>24260cea-f583-4b0d-a1f6-fa54465f30a2</powerpagesiteid>
  </powerpagesiteid>
  <statecode>0</statecode>
  <statuscode>1</statuscode>
</powerpagecomponent>