<powerpagecomponent powerpagecomponentid="35b21413-9be0-42bc-9d54-cef521919a00">
  <content>{
  "lcid": 1033,
  "entityname": "cr26b_customersusers",
  "formname": "Information",
  "mode": 100000000,
  "onsuccess": "756150000",
  "successmessage": "",
  "hideformonsuccess": true,
  "redirectwebpage": null,
  "redirecturl": null,
  "captcharequired": true,
  "showcaptchaforauthenticatedusers": true,
  "entitypermissionsenabled": true,
  "maximumnooffiles": 5,
  "containername": "",
  "storageaccountname": "",
  "attachfilelabel": "",
  "attachfilestoragelocation": 756150000,
  "attachfilemaxsize": null,
  "entitysourcetype": null,
  "recordidquerystringparametername": null,
  "copy": "undefined"
}</content>
  <iscustomizable>1</iscustomizable>
  <name>Information</name>
  <powerpagecomponenttype>15</powerpagecomponenttype>
  <powerpagesiteid>
    <powerpagesiteid>24260cea-f583-4b0d-a1f6-fa54465f30a2</powerpagesiteid>
  </powerpagesiteid>
  <statecode>0</statecode>
  <statuscode>1</statuscode>
</powerpagecomponent>