<powerpagecomponent powerpagecomponentid="6bb50bb8-9160-b7f3-b917-9acae77906f4">
  <content>{
  "filecontent": null,
  "displayorder": 2,
  "customcss": "",
  "customjavascript": "",
  "pagetemplateid": "2f3c0c74-9153-4e62-85c0-24e9548b6885",
  "parentpageid": "658ad526-e58a-f3fb-2dab-ebc24a8e2633",
  "partialurl": "Create-Sales-Order",
  "isroot": false,
  "rootwebpageid": "1a2aa883-9dae-ca75-f928-ddb7d6def3d0",
  "title": "Create Sales Order",
  "summary": "&lt;p&gt;This is a sample landing page designed to be a starting point for your website&lt;/p&gt;",
  "copy": "&lt;!-- Fetch the customer assigned to the current user --&gt;\n{% fetchxml fetch_customers_users %}\n&lt;fetch top=\"1\"&gt;\n  &lt;entity name=\"cr26b_customersusers\"&gt;\n    &lt;attribute name=\"cr26b_cus\" /&gt;\n    &lt;filter&gt;\n      &lt;condition attribute=\"cr26b_user\" operator=\"eq\" value=\"{{ user.id }}\" /&gt;\n    &lt;/filter&gt;\n  &lt;/entity&gt;\n&lt;/fetch&gt;\n{% endfetchxml %} {% assign customer_id = fetch_customers_users.results.entities[0].cr26b_cus.id %} {% if customer_id %}\n&lt;!-- Fetch customer details using the customer ID --&gt;\n{% fetchxml fetch_customer %}\n&lt;fetch top=\"1\"&gt;\n  &lt;entity name=\"mserp_custcustomerv3entity\"&gt;\n    &lt;attribute name=\"mserp_customeraccount\" /&gt;\n    &lt;attribute name=\"mserp_salescurrencycode\" /&gt;\n    &lt;attribute name=\"mserp_dataareaid\" /&gt;\n    &lt;filter&gt;\n      &lt;condition attribute=\"mserp_custcustomerv3entityid\" operator=\"eq\" value=\"{{ customer_id }}\" /&gt;\n    &lt;/filter&gt;\n  &lt;/entity&gt;\n&lt;/fetch&gt;\n{% endfetchxml %} {% assign customerAccount = fetch_customer.results.entities[0].mserp_customeraccount %}\n&lt;!-- {% assign customerCurrencyCode = fetch_customer.results.entities[0].mserp_salescurrencycode %} --&gt;\n\n&lt;script&gt;\n  // Pass the customer account number dynamically from Liquid to JavaScript\n  var customerAccount = \"{{ customerAccount }}\";  // Liquid passes the value here\n  // var customerCurrencyCode = \"{{ customerCurrencyCode }}\";\n\n  // Wait for the page to load before executing the JavaScript\n  window.addEventListener('load', function () {\n      // Function to set the customer account in the form field\n      function setCustomerAccount() {\n          // Find the input field where the customer account should be set\n          var customerAccountInput = document.getElementById('mserp_orderingcustomeraccountnumber');\n          if (customerAccountInput) {\n              customerAccountInput.value = customerAccount;\n          }\n\n          // var currencyCodeInput = document.getElementById('mserp_currencycode');\n          // if (currencyCodeInput) {\n          //     currencyCodeInput.value = customerCurrencyCode;\n          // }\n      }\n\n      // Call the function to set the customer account\n      setCustomerAccount();\n  });\n&lt;/script&gt;\n{% endif %}\n\n&lt;div class=\"row sectionBlockLayout text-start\" style=\"display: flex; flex-wrap: wrap; margin: 0px; min-height: auto; padding: 8px;\"&gt;\n  &lt;div class=\"container\" style=\"display: flex; flex-wrap: wrap;\"&gt;&lt;div class=\"col-lg-12 columnBlockLayout\" style=\"flex-grow: 1; display: flex; flex-direction: column; min-width: 250px; padding: 16px; margin: 60px 0px;\"&gt;{% entityform name: 'Create Sales Order (2)' %}&lt;/div&gt;&lt;/div&gt;\n&lt;/div&gt;\n",
  "publishingstateid": "14ab8097-7358-4744-9b53-e8941ef7d194",
  "enablerating": false,
  "enabletracking": false,
  "excludefromsearch": false,
  "hiddenfromsitemap": true,
  "sharedpageconfiguration": false
}</content>
  <iscustomizable>1</iscustomizable>
  <name>Create Sales Order</name>
  <powerpagecomponenttype>2</powerpagecomponenttype>
  <powerpagesiteid>
    <powerpagesiteid>24260cea-f583-4b0d-a1f6-fa54465f30a2</powerpagesiteid>
  </powerpagesiteid>
  <powerpagesitelanguageid>
    <powerpagesitelanguageid>bee0ff93-2a87-4e46-a408-415260cf1250</powerpagesitelanguageid>
  </powerpagesitelanguageid>
  <searchcontent>Create Sales Order&lt;!-- Fetch the customer assigned to the current user --&gt;
{% fetchxml fetch_customers_users %}
&lt;fetch top="1"&gt;
  &lt;entity name="cr26b_customersusers"&gt;
    &lt;attribute name="cr26b_cus" /&gt;
    &lt;filter&gt;
      &lt;condition attribute="cr26b_user" operator="eq" value="{{ user.id }}" /&gt;
    &lt;/filter&gt;
  &lt;/entity&gt;
&lt;/fetch&gt;
{% endfetchxml %} {% assign customer_id = fetch_customers_users.results.entities[0].cr26b_cus.id %} {% if customer_id %}
&lt;!-- Fetch customer details using the customer ID --&gt;
{% fetchxml fetch_customer %}
&lt;fetch top="1"&gt;
  &lt;entity name="mserp_custcustomerv3entity"&gt;
    &lt;attribute name="mserp_customeraccount" /&gt;
    &lt;attribute name="mserp_salescurrencycode" /&gt;
    &lt;attribute name="mserp_dataareaid" /&gt;
    &lt;filter&gt;
      &lt;condition attribute="mserp_custcustomerv3entityid" operator="eq" value="{{ customer_id }}" /&gt;
    &lt;/filter&gt;
  &lt;/entity&gt;
&lt;/fetch&gt;
{% endfetchxml %} {% assign customerAccount = fetch_customer.results.entities[0].mserp_customeraccount %}
&lt;!-- {% assign customerCurrencyCode = fetch_customer.results.entities[0].mserp_salescurrencycode %} --&gt;

&lt;script&gt;
  // Pass the customer account number dynamically from Liquid to JavaScript
  var customerAccount = "{{ customerAccount }}";  // Liquid passes the value here
  // var customerCurrencyCode = "{{ customerCurrencyCode }}";

  // Wait for the page to load before executing the JavaScript
  window.addEventListener('load', function () {
      // Function to set the customer account in the form field
      function setCustomerAccount() {
          // Find the input field where the customer account should be set
          var customerAccountInput = document.getElementById('mserp_orderingcustomeraccountnumber');
          if (customerAccountInput) {
              customerAccountInput.value = customerAccount;
          }

          // var currencyCodeInput = document.getElementById('mserp_currencycode');
          // if (currencyCodeInput) {
          //     currencyCodeInput.value = customerCurrencyCode;
          // }
      }

      // Call the function to set the customer account
      setCustomerAccount();
  });
&lt;/script&gt;
{% endif %}

&lt;div class="row sectionBlockLayout text-start" style="display: flex; flex-wrap: wrap; margin: 0px; min-height: auto; padding: 8px;"&gt;
  &lt;div class="container" style="display: flex; flex-wrap: wrap;"&gt;&lt;div class="col-lg-12 columnBlockLayout" style="flex-grow: 1; display: flex; flex-direction: column; min-width: 250px; padding: 16px; margin: 60px 0px;"&gt;{% entityform name: 'Create Sales Order (2)' %}&lt;/div&gt;&lt;/div&gt;
&lt;/div&gt;
Create Sales Order</searchcontent>
  <statecode>0</statecode>
  <statuscode>1</statuscode>
</powerpagecomponent>