<powerpagecomponent powerpagecomponentid="fba1206e-a273-453a-b492-a6a3a4f03e89">
  <content>{"entityname":"adx_webpage","isdefault":false,"rewriteurl":"~/Pages/AccessDenied.aspx","type":756150000,"usewebsiteheaderandfooter":true}</content>
  <iscustomizable>1</iscustomizable>
  <name>Access Denied</name>
  <powerpagecomponenttype>6</powerpagecomponenttype>
  <powerpagesiteid>
    <powerpagesiteid>24260cea-f583-4b0d-a1f6-fa54465f30a2</powerpagesiteid>
  </powerpagesiteid>
  <statecode>0</statecode>
  <statuscode>1</statuscode>
</powerpagecomponent>