<powerpagecomponent powerpagecomponentid="3c20120f-ae44-4771-8279-18f01d27ba8d">
  <content>{
  "displayorder": 1,
  "enablerating": false,
  "enabletracking": false,
  "excludefromsearch": false,
  "feedbackpolicy": 756150005,
  "hiddenfromsitemap": false,
  "isroot": true,
  "pagetemplateid": "2f3c0c74-9153-4e62-85c0-24e9548b6885",
  "partialurl": "/",
  "publishingstateid": "14ab8097-7358-4744-9b53-e8941ef7d194",
  "sharedpageconfiguration": false,
  "title": "Home"
}</content>
  <iscustomizable>1</iscustomizable>
  <name>Home</name>
  <powerpagecomponenttype>2</powerpagecomponenttype>
  <powerpagesiteid>
    <powerpagesiteid>24260cea-f583-4b0d-a1f6-fa54465f30a2</powerpagesiteid>
  </powerpagesiteid>
  <searchcontent>HomeHome</searchcontent>
  <statecode>0</statecode>
  <statuscode>1</statuscode>
</powerpagecomponent>