<powerpagecomponent powerpagecomponentid="872e203e-8668-401b-9059-4af413783b89">
  <content>{
  "filecontent": null,
  "description": "Enables or disables Azure AD as an external identity provider. By default, it is set to true.",
  "value": "false"
}</content>
  <iscustomizable>1</iscustomizable>
  <name>Authentication/Registration/AzureADLoginEnabled</name>
  <powerpagecomponenttype>9</powerpagecomponenttype>
  <powerpagesiteid>
    <powerpagesiteid>24260cea-f583-4b0d-a1f6-fa54465f30a2</powerpagesiteid>
  </powerpagesiteid>
  <statecode>0</statecode>
  <statuscode>1</statuscode>
</powerpagecomponent>