<powerpagecomponent powerpagecomponentid="2c2f4ace-5eda-b35b-c4cc-ea4b58ebc933">
  <content>{
  "filecontent": null,
  "webpageid": "fc774f52-4172-fa84-98ad-678df241f15d",
  "right": 2,
  "scope": 1,
  "adx_webpageaccesscontrolrule_webrole": [
    "ef8b3d8d-497b-ef11-ac20-7c1e5220a025",
    "26276e74-2aa7-ef11-b8e8-002248a1780d"
  ],
  "copy": "undefined"
}</content>
  <iscustomizable>1</iscustomizable>
  <name>Restrict Read on Users</name>
  <powerpagecomponenttype>10</powerpagecomponenttype>
  <powerpagesiteid>
    <powerpagesiteid>24260cea-f583-4b0d-a1f6-fa54465f30a2</powerpagesiteid>
  </powerpagesiteid>
  <statecode>0</statecode>
  <statuscode>1</statuscode>
</powerpagecomponent>