<powerpagecomponent powerpagecomponentid="80500567-ee85-ed25-00f7-97a5e1f9e639">
  <content>{
  "displayorder": 30,
  "customcss": "",
  "customjavascript": "",
  "pagetemplateid": "2f3c0c74-9153-4e62-85c0-24e9548b6885",
  "parentpageid": "3c20120f-ae44-4771-8279-18f01d27ba8d",
  "partialurl": "Our-Offerings-deleted",
  "isroot": false,
  "rootwebpageid": "c4874382-42cc-fa39-6a3c-6a311f24950c",
  "title": "Our Offerings",
  "summary": "&lt;p&gt;This is a sample landing page designed to be a starting point for your website&lt;/p&gt;",
  "copy": "&lt;div data-component-theme=\"portalThemeColor8\" class=\"row sectionBlockLayout\" style='padding: 8px; margin: 0px; display: flex; flex-wrap: wrap; min-height: 50%; background-image: linear-gradient(0deg, rgba(0, 0, 0, 0.5), rgba(0, 0, 0, 0.5)), url(\"/Products-4.jpg\"); background-position: center center; background-repeat: no-repeat; background-size: cover;'&gt;\n  &lt;div class=\"container\"&gt;\n    &lt;div class=\"col-md-12 columnBlockLayout\" style=\"min-width: 250px; flex-grow: 1; display: flex; flex-direction: column; margin: 240px 0px;\"&gt;\n      &lt;h1 style=\"text-align: center;\"&gt;Explore&lt;/h1&gt;\n      &lt;h4 style=\"text-align: center;\"&gt;Discover Our Offerings&lt;/h4&gt;\n      &lt;button class=\"button1\" style=\"text-align: center; margin-left: auto; margin-right: auto;\"&gt;Learn More&lt;/button&gt;\n    &lt;/div&gt;\n  &lt;/div&gt;\n&lt;/div&gt;\n&lt;div data-component-theme=\"portalThemeColor\" class=\"row sectionBlockLayout\" style=\"display: flex; flex-wrap: wrap; margin: 0px; text-align: center; min-height: auto; padding: 8px;\"&gt;\n  &lt;div class=\"container\" style=\"display: flex; flex-wrap: wrap; column-gap: 0px;\"&gt;\n    &lt;div class=\"col-md-4 columnBlockLayout\" style=\"flex-grow: 1; min-width: 250px; word-break: break-word; display: flex; flex-direction: column; margin: 0px; padding: 0px; width: calc(33.3333% + 0px);\"&gt;\n      &lt;h3&gt;&lt;b aria-label=\"Text Our Products\" style=\"position: relative;\"&gt;Our Products&lt;/b&gt;&lt;/h3&gt;\n      &lt;img alt=\"Variety of products\" src=\"/Products.jpg\" style=\"max-width: 100%; width: 54.04%; height: 169px; background-color: #fafafa; margin-left: auto; margin-right: auto;\" /&gt;&lt;button value=\"https://www.example.com\" type=\"button\" class=\"button2\" style=\"margin-left: auto; margin-right: auto;\"&gt;View Products&lt;/button&gt;\n    &lt;/div&gt;\n    &lt;div class=\"col-md-4 columnBlockLayout\" style=\"flex-grow: 1; min-width: 250px; word-break: break-word; display: flex; flex-direction: column; margin: 0px; padding: 0px; width: calc(33.3333% + 0px);\"&gt;\n      &lt;h3&gt;&lt;b aria-label=\"Text Our Services\" style=\"position: relative;\"&gt;Our Services&lt;/b&gt;&lt;/h3&gt;\n      &lt;img alt=\"Service offerings\" src=\"/Products-2.jpg\" style=\"max-width: 100%; width: 54.04%; height: 169px; background-color: #fafafa; margin-left: auto; margin-right: auto;\" /&gt;&lt;button value=\"https://www.example.com\" type=\"button\" class=\"button2\" style=\"margin-left: auto; margin-right: auto;\"&gt;Explore Services&lt;/button&gt;\n    &lt;/div&gt;\n    &lt;div class=\"col-md-4 columnBlockLayout\" style=\"flex-grow: 1; min-width: 250px; word-break: break-word; display: flex; flex-direction: column; margin: 0px; padding: 0px; width: calc(33.3333% + 0px);\"&gt;\n      &lt;h3&gt;&lt;b aria-label=\"Text Contact Us\" style=\"position: relative;\"&gt;Contact Us&lt;/b&gt;&lt;/h3&gt;\n      &lt;img alt=\"Customer support\" src=\"/Products-3.jpg\" style=\"max-width: 100%; width: 54.04%; height: 169px; background-color: #fafafa; margin-left: auto; margin-right: auto;\" /&gt;&lt;button value=\"https://www.example.com\" type=\"button\" class=\"button2\" style=\"margin-left: auto; margin-right: auto;\"&gt;Get in Touch&lt;/button&gt;\n    &lt;/div&gt;\n  &lt;/div&gt;\n&lt;/div&gt;\n&lt;div data-component-theme=\"portalThemeColor\" class=\"row sectionBlockLayout\" style=\"display: flex; flex-wrap: wrap; padding: 8px; margin: 0px; min-height: 50px;\"&gt;&lt;/div&gt;\n&lt;div data-component-theme=\"portalThemeColor\" class=\"row sectionBlockLayout text-left\" style=\"display: flex; flex-wrap: wrap; margin: 0px; min-height: auto; padding: 8px;\"&gt;\n  &lt;div class=\"container\" style=\"padding: 0px; display: flex; flex-wrap: wrap;\"&gt;\n    &lt;div class=\"col-md-12 columnBlockLayout\" style=\"flex-grow: 1; display: flex; flex-direction: column; min-width: 250px; word-break: break-word; margin: 10px 0px; padding: 0px;\"&gt;\n      &lt;h2 style=\"text-align: center;\"&gt;&lt;b&gt;Join Us Today&lt;/b&gt;&lt;/h2&gt;\n    &lt;/div&gt;\n  &lt;/div&gt;\n&lt;/div&gt;\n",
  "publishingstateid": "14ab8097-7358-4744-9b53-e8941ef7d194",
  "enablerating": false,
  "enabletracking": false,
  "excludefromsearch": false,
  "hiddenfromsitemap": true,
  "sharedpageconfiguration": false
}</content>
  <iscustomizable>1</iscustomizable>
  <name>Our Offerings-deleted</name>
  <powerpagecomponenttype>2</powerpagecomponenttype>
  <powerpagesiteid>
    <powerpagesiteid>24260cea-f583-4b0d-a1f6-fa54465f30a2</powerpagesiteid>
  </powerpagesiteid>
  <powerpagesitelanguageid>
    <powerpagesitelanguageid>bee0ff93-2a87-4e46-a408-415260cf1250</powerpagesitelanguageid>
  </powerpagesitelanguageid>
  <searchcontent>Our Offerings&lt;div data-component-theme="portalThemeColor8" class="row sectionBlockLayout" style='padding: 8px; margin: 0px; display: flex; flex-wrap: wrap; min-height: 50%; background-image: linear-gradient(0deg, rgba(0, 0, 0, 0.5), rgba(0, 0, 0, 0.5)), url("/Products-4.jpg"); background-position: center center; background-repeat: no-repeat; background-size: cover;'&gt;
  &lt;div class="container"&gt;
    &lt;div class="col-md-12 columnBlockLayout" style="min-width: 250px; flex-grow: 1; display: flex; flex-direction: column; margin: 240px 0px;"&gt;
      &lt;h1 style="text-align: center;"&gt;Explore&lt;/h1&gt;
      &lt;h4 style="text-align: center;"&gt;Discover Our Offerings&lt;/h4&gt;
      &lt;button class="button1" style="text-align: center; margin-left: auto; margin-right: auto;"&gt;Learn More&lt;/button&gt;
    &lt;/div&gt;
  &lt;/div&gt;
&lt;/div&gt;
&lt;div data-component-theme="portalThemeColor" class="row sectionBlockLayout" style="display: flex; flex-wrap: wrap; margin: 0px; text-align: center; min-height: auto; padding: 8px;"&gt;
  &lt;div class="container" style="display: flex; flex-wrap: wrap; column-gap: 0px;"&gt;
    &lt;div class="col-md-4 columnBlockLayout" style="flex-grow: 1; min-width: 250px; word-break: break-word; display: flex; flex-direction: column; margin: 0px; padding: 0px; width: calc(33.3333% + 0px);"&gt;
      &lt;h3&gt;&lt;b aria-label="Text Our Products" style="position: relative;"&gt;Our Products&lt;/b&gt;&lt;/h3&gt;
      &lt;img alt="Variety of products" src="/Products.jpg" style="max-width: 100%; width: 54.04%; height: 169px; background-color: #fafafa; margin-left: auto; margin-right: auto;" /&gt;&lt;button value="https://www.example.com" type="button" class="button2" style="margin-left: auto; margin-right: auto;"&gt;View Products&lt;/button&gt;
    &lt;/div&gt;
    &lt;div class="col-md-4 columnBlockLayout" style="flex-grow: 1; min-width: 250px; word-break: break-word; display: flex; flex-direction: column; margin: 0px; padding: 0px; width: calc(33.3333% + 0px);"&gt;
      &lt;h3&gt;&lt;b aria-label="Text Our Services" style="position: relative;"&gt;Our Services&lt;/b&gt;&lt;/h3&gt;
      &lt;img alt="Service offerings" src="/Products-2.jpg" style="max-width: 100%; width: 54.04%; height: 169px; background-color: #fafafa; margin-left: auto; margin-right: auto;" /&gt;&lt;button value="https://www.example.com" type="button" class="button2" style="margin-left: auto; margin-right: auto;"&gt;Explore Services&lt;/button&gt;
    &lt;/div&gt;
    &lt;div class="col-md-4 columnBlockLayout" style="flex-grow: 1; min-width: 250px; word-break: break-word; display: flex; flex-direction: column; margin: 0px; padding: 0px; width: calc(33.3333% + 0px);"&gt;
      &lt;h3&gt;&lt;b aria-label="Text Contact Us" style="position: relative;"&gt;Contact Us&lt;/b&gt;&lt;/h3&gt;
      &lt;img alt="Customer support" src="/Products-3.jpg" style="max-width: 100%; width: 54.04%; height: 169px; background-color: #fafafa; margin-left: auto; margin-right: auto;" /&gt;&lt;button value="https://www.example.com" type="button" class="button2" style="margin-left: auto; margin-right: auto;"&gt;Get in Touch&lt;/button&gt;
    &lt;/div&gt;
  &lt;/div&gt;
&lt;/div&gt;
&lt;div data-component-theme="portalThemeColor" class="row sectionBlockLayout" style="display: flex; flex-wrap: wrap; padding: 8px; margin: 0px; min-height: 50px;"&gt;&lt;/div&gt;
&lt;div data-component-theme="portalThemeColor" class="row sectionBlockLayout text-left" style="display: flex; flex-wrap: wrap; margin: 0px; min-height: auto; padding: 8px;"&gt;
  &lt;div class="container" style="padding: 0px; display: flex; flex-wrap: wrap;"&gt;
    &lt;div class="col-md-12 columnBlockLayout" style="flex-grow: 1; display: flex; flex-direction: column; min-width: 250px; word-break: break-word; margin: 10px 0px; padding: 0px;"&gt;
      &lt;h2 style="text-align: center;"&gt;&lt;b&gt;Join Us Today&lt;/b&gt;&lt;/h2&gt;
    &lt;/div&gt;
  &lt;/div&gt;
&lt;/div&gt;
Our Offerings-deleted</searchcontent>
  <statecode>1</statecode>
  <statuscode>2</statuscode>
</powerpagecomponent>