<powerpagecomponent powerpagecomponentid="ba476ba5-9bb0-ef11-b8e8-002248a1780d">
  <content>{
  "attributelogicalname": "mserp_invoicecustomeraccountnumber",
  "type": 100000000,
  "fieldisrequired": false,
  "useattributedescriptionproperty": true,
  "descriptionposition": 100000000,
  "adddescription": false,
  "setvalueonsave": false,
  "ignoredefaultvalue": false,
  "randomizeoptionsetvalues": false,
  "entityform": "421db7ce-99b0-ef11-b8e8-002248a1780d",
  "entityformforcreate": "421db7ce-99b0-ef11-b8e8-002248a1780d"
}</content>
  <iscustomizable>1</iscustomizable>
  <name>Sales Invoice Header mserp_invoicecustomeraccountnumber</name>
  <powerpagecomponenttype>16</powerpagecomponenttype>
  <powerpagesiteid>
    <powerpagesiteid>24260cea-f583-4b0d-a1f6-fa54465f30a2</powerpagesiteid>
  </powerpagesiteid>
  <statecode>0</statecode>
  <statuscode>1</statuscode>
</powerpagecomponent>