<powerpagecomponent powerpagecomponentid="11f81fee-5ca6-f1f9-f49f-6c17bf5114c4">
  <content>{
  "filecontent": null,
  "displayorder": 10,
  "pagetemplateid": "2f3c0c74-9153-4e62-85c0-24e9548b6885",
  "parentpageid": "3c20120f-ae44-4771-8279-18f01d27ba8d",
  "partialurl": "Customer-User",
  "isroot": true,
  "title": "Map Users",
  "summary": "&lt;p&gt;This is a sample landing page designed to be a starting point for your website&lt;/p&gt;",
  "publishingstateid": "14ab8097-7358-4744-9b53-e8941ef7d194",
  "enablerating": false,
  "enabletracking": false,
  "excludefromsearch": false,
  "hiddenfromsitemap": true,
  "sharedpageconfiguration": false,
  "feedbackpolicy": 756150000,
  "entitylist": "73a85321-3aed-ef11-be1f-0022489ecba2"
}</content>
  <iscustomizable>1</iscustomizable>
  <name>Assign Customer to User</name>
  <powerpagecomponenttype>2</powerpagecomponenttype>
  <powerpagesiteid>
    <powerpagesiteid>24260cea-f583-4b0d-a1f6-fa54465f30a2</powerpagesiteid>
  </powerpagesiteid>
  <searchcontent>Map UsersAssign Customer to User</searchcontent>
  <statecode>0</statecode>
  <statuscode>1</statuscode>
</powerpagecomponent>