<powerpagecomponent powerpagecomponentid="e8fc7143-9d9f-43fd-aed1-9d65c4ab9a3a">
  <content>{
  "lcid": 1033,
  "entityname": "contact",
  "formname": "Edit Contact",
  "mode": 100000001,
  "onsuccess": 756150000,
  "hideformonsuccess": true,
  "redirectwebpage": null,
  "redirecturl": null,
  "captcharequired": false,
  "showcaptchaforauthenticatedusers": false,
  "entitypermissionsenabled": true,
  "attachfilestoragelocation": 756150000,
  "attachfilemaxsize": null,
  "maximumnooffiles": 5,
  "entitysourcetype": 756150001,
  "recordidquerystringparametername": "id",
  "copy": "undefined",
  "geolocation_maptype": 756150000,
  "forceallfieldsrequired": true
}</content>
  <iscustomizable>1</iscustomizable>
  <name>Edit Contact</name>
  <powerpagecomponenttype>15</powerpagecomponenttype>
  <powerpagesiteid>
    <powerpagesiteid>24260cea-f583-4b0d-a1f6-fa54465f30a2</powerpagesiteid>
  </powerpagesiteid>
  <statecode>0</statecode>
  <statuscode>1</statuscode>
</powerpagecomponent>