<powerpagecomponent powerpagecomponentid="3d29a1bb-84f9-4b6b-9f50-ce950b6f9142">
  <content>{
  "lcid": 1033,
  "entityname": "cr26b_customersusers",
  "formname": "Customer User",
  "mode": 100000000,
  "onsuccess": 756150000,
  "hideformonsuccess": true,
  "redirectwebpage": null,
  "redirecturl": null,
  "captcharequired": false,
  "showcaptchaforauthenticatedusers": false,
  "entitypermissionsenabled": true,
  "maximumnooffiles": 5,
  "attachfilestoragelocation": 756150000,
  "attachfilemaxsize": null,
  "entitysourcetype": null,
  "recordidquerystringparametername": null,
  "copy": "undefined",
  "geolocation_maptype": 756150000
}</content>
  <iscustomizable>1</iscustomizable>
  <name>Customer User</name>
  <powerpagecomponenttype>15</powerpagecomponenttype>
  <powerpagesiteid>
    <powerpagesiteid>24260cea-f583-4b0d-a1f6-fa54465f30a2</powerpagesiteid>
  </powerpagesiteid>
  <statecode>0</statecode>
  <statuscode>1</statuscode>
</powerpagecomponent>