<powerpagecomponent powerpagecomponentid="c7636702-b90b-6608-ae84-7e26455e18a4">
  <content>{
  "filecontent": null,
  "displayorder": 12,
  "pagetemplateid": "2f3c0c74-9153-4e62-85c0-24e9548b6885",
  "parentpageid": "3c20120f-ae44-4771-8279-18f01d27ba8d",
  "partialurl": "Customers",
  "isroot": false,
  "rootwebpageid": "926e324f-49e7-e9e5-bac9-d3c41793920e",
  "title": "Customers",
  "summary": "&lt;p&gt;This is a sample landing page designed to be a starting point for your website&lt;/p&gt;",
  "copy": "&lt;div class=\"row sectionBlockLayout text-start\" style=\"display: flex; flex-wrap: wrap; margin: 0px; min-height: auto; padding: 8px;\"&gt;\n  &lt;div class=\"container\" style=\"display: flex; flex-wrap: wrap;\"&gt;\n    &lt;div class=\"col-lg-12 columnBlockLayout\" style=\"flex-grow: 1; display: flex; flex-direction: column; min-width: 250px; padding: 16px; margin: 60px 0px;\"&gt;\n      &lt;!-- Fetch the customer assigned to the current user --&gt;\n      {% fetchxml fetch_customers_users %}\n      &lt;fetch top=\"1\"&gt;\n        &lt;entity name=\"cr26b_customersusers\"&gt;\n          &lt;attribute name=\"cr26b_cus\" /&gt;\n          &lt;filter&gt;\n            &lt;condition attribute=\"cr26b_user\" operator=\"eq\" value=\"{{ user.id }}\" /&gt;\n          &lt;/filter&gt;\n        &lt;/entity&gt;\n      &lt;/fetch&gt;\n      {% endfetchxml %} {% if fetch_customers_users.results.entities.size &gt; 0 %} {% assign customer_id = fetch_customers_users.results.entities[0].cr26b_cus.id %}\n\n      &lt;!-- Fetch customer details using the customer ID --&gt;\n      {% fetchxml fetch_customer %}\n      &lt;fetch top=\"1\"&gt;\n        &lt;entity name=\"mserp_custcustomerv3entity\"&gt;\n          &lt;attribute name=\"mserp_customeraccount\" /&gt;\n          &lt;attribute name=\"mserp_customergroupid\" /&gt;\n          &lt;attribute name=\"mserp_invoiceaccount\" /&gt;\n          &lt;attribute name=\"mserp_salescurrencycode\" /&gt;\n          &lt;filter&gt;\n            &lt;condition attribute=\"mserp_custcustomerv3entityid\" operator=\"eq\" value=\"{{ customer_id }}\" /&gt;\n          &lt;/filter&gt;\n        &lt;/entity&gt;\n      &lt;/fetch&gt;\n      {% endfetchxml %}\n\n      &lt;h1&gt;Customer:&lt;/h1&gt;\n      &lt;br /&gt;\n\n      &lt;div class=\"table-responsive\"&gt;\n        &lt;table class=\"table table-striped table-bordered\"&gt;\n          &lt;thead&gt;\n            &lt;tr&gt;\n              &lt;th&gt;Customer Account&lt;/th&gt;\n              &lt;th&gt;Customer Group&lt;/th&gt;\n              &lt;th&gt;Invoice Account&lt;/th&gt;\n              &lt;th&gt;Currency&lt;/th&gt;\n            &lt;/tr&gt;\n          &lt;/thead&gt;\n          &lt;tbody&gt;\n            {% for cust in fetch_customer.results.entities %}\n            &lt;tr&gt;\n              &lt;td&gt;{{ cust.mserp_customeraccount }}&lt;/td&gt;\n              &lt;td&gt;{{ cust.mserp_customergroupid }}&lt;/td&gt;\n              &lt;td&gt;{{ cust.mserp_invoiceaccount }}&lt;/td&gt;\n              &lt;td&gt;{{ cust.mserp_salescurrencycode }}&lt;/td&gt;\n            &lt;/tr&gt;\n            {% endfor %}\n          &lt;/tbody&gt;\n        &lt;/table&gt;\n      &lt;/div&gt;\n\n      {% else %}\n      &lt;h1&gt;No Assigned Customer found for this user&lt;/h1&gt;\n      {% endif %}\n    &lt;/div&gt;\n  &lt;/div&gt;\n&lt;/div&gt;\n",
  "publishingstateid": "14ab8097-7358-4744-9b53-e8941ef7d194",
  "enablerating": false,
  "enabletracking": false,
  "excludefromsearch": false,
  "hiddenfromsitemap": true,
  "sharedpageconfiguration": false,
  "feedbackpolicy": 756150000
}</content>
  <iscustomizable>1</iscustomizable>
  <name>Customers</name>
  <powerpagecomponenttype>2</powerpagecomponenttype>
  <powerpagesiteid>
    <powerpagesiteid>24260cea-f583-4b0d-a1f6-fa54465f30a2</powerpagesiteid>
  </powerpagesiteid>
  <powerpagesitelanguageid>
    <powerpagesitelanguageid>bee0ff93-2a87-4e46-a408-415260cf1250</powerpagesitelanguageid>
  </powerpagesitelanguageid>
  <searchcontent>Customers&lt;div class="row sectionBlockLayout text-start" style="display: flex; flex-wrap: wrap; margin: 0px; min-height: auto; padding: 8px;"&gt;
  &lt;div class="container" style="display: flex; flex-wrap: wrap;"&gt;
    &lt;div class="col-lg-12 columnBlockLayout" style="flex-grow: 1; display: flex; flex-direction: column; min-width: 250px; padding: 16px; margin: 60px 0px;"&gt;
      &lt;!-- Fetch the customer assigned to the current user --&gt;
      {% fetchxml fetch_customers_users %}
      &lt;fetch top="1"&gt;
        &lt;entity name="cr26b_customersusers"&gt;
          &lt;attribute name="cr26b_cus" /&gt;
          &lt;filter&gt;
            &lt;condition attribute="cr26b_user" operator="eq" value="{{ user.id }}" /&gt;
          &lt;/filter&gt;
        &lt;/entity&gt;
      &lt;/fetch&gt;
      {% endfetchxml %} {% if fetch_customers_users.results.entities.size &gt; 0 %} {% assign customer_id = fetch_customers_users.results.entities[0].cr26b_cus.id %}

      &lt;!-- Fetch customer details using the customer ID --&gt;
      {% fetchxml fetch_customer %}
      &lt;fetch top="1"&gt;
        &lt;entity name="mserp_custcustomerv3entity"&gt;
          &lt;attribute name="mserp_customeraccount" /&gt;
          &lt;attribute name="mserp_customergroupid" /&gt;
          &lt;attribute name="mserp_invoiceaccount" /&gt;
          &lt;attribute name="mserp_salescurrencycode" /&gt;
          &lt;filter&gt;
            &lt;condition attribute="mserp_custcustomerv3entityid" operator="eq" value="{{ customer_id }}" /&gt;
          &lt;/filter&gt;
        &lt;/entity&gt;
      &lt;/fetch&gt;
      {% endfetchxml %}

      &lt;h1&gt;Customer:&lt;/h1&gt;
      &lt;br /&gt;

      &lt;div class="table-responsive"&gt;
        &lt;table class="table table-striped table-bordered"&gt;
          &lt;thead&gt;
            &lt;tr&gt;
              &lt;th&gt;Customer Account&lt;/th&gt;
              &lt;th&gt;Customer Group&lt;/th&gt;
              &lt;th&gt;Invoice Account&lt;/th&gt;
              &lt;th&gt;Currency&lt;/th&gt;
            &lt;/tr&gt;
          &lt;/thead&gt;
          &lt;tbody&gt;
            {% for cust in fetch_customer.results.entities %}
            &lt;tr&gt;
              &lt;td&gt;{{ cust.mserp_customeraccount }}&lt;/td&gt;
              &lt;td&gt;{{ cust.mserp_customergroupid }}&lt;/td&gt;
              &lt;td&gt;{{ cust.mserp_invoiceaccount }}&lt;/td&gt;
              &lt;td&gt;{{ cust.mserp_salescurrencycode }}&lt;/td&gt;
            &lt;/tr&gt;
            {% endfor %}
          &lt;/tbody&gt;
        &lt;/table&gt;
      &lt;/div&gt;

      {% else %}
      &lt;h1&gt;No Assigned Customer found for this user&lt;/h1&gt;
      {% endif %}
    &lt;/div&gt;
  &lt;/div&gt;
&lt;/div&gt;
Customers</searchcontent>
  <statecode>0</statecode>
  <statuscode>1</statuscode>
</powerpagecomponent>