<powerpagecomponent powerpagecomponentid="360987bb-346e-4127-a605-571ec6d5d6ed">
  <content>{"contentdisposition":756150000,"enabletracking":false,"excludefromsearch":false,"hiddenfromsitemap":false,"parentpageid":"3c20120f-ae44-4771-8279-18f01d27ba8d","partialurl":"PWAManifest.json","publishingstateid":"14ab8097-7358-4744-9b53-e8941ef7d194"}</content>
  <filecontent mimetype="application/octet-stream">PWAManifest.json</filecontent>
  <iscustomizable>1</iscustomizable>
  <name>PWAManifest.json</name>
  <powerpagecomponenttype>3</powerpagecomponenttype>
  <powerpagesiteid>
    <powerpagesiteid>24260cea-f583-4b0d-a1f6-fa54465f30a2</powerpagesiteid>
  </powerpagesiteid>
  <statecode>0</statecode>
  <statuscode>1</statuscode>
</powerpagecomponent>