<powerpagecomponent powerpagecomponentid="3f70d53d-e4bb-aff1-d746-81be6966e856">
  <content>{
  "filecontent": null,
  "displayorder": 37,
  "pagetemplateid": "2f3c0c74-9153-4e62-85c0-24e9548b6885",
  "parentpageid": "3c20120f-ae44-4771-8279-18f01d27ba8d",
  "partialurl": "Edit-Sales-order-header-deleted",
  "isroot": true,
  "title": "Edit Sales order header",
  "summary": "&lt;p&gt;This is a sample landing page designed to be a starting point for your website&lt;/p&gt;",
  "publishingstateid": "14ab8097-7358-4744-9b53-e8941ef7d194",
  "enablerating": false,
  "enabletracking": false,
  "excludefromsearch": false,
  "hiddenfromsitemap": true,
  "sharedpageconfiguration": false,
  "feedbackpolicy": 756150000,
  "entityform": "bcd802b8-55fe-ef11-bae3-002248a02401"
}</content>
  <iscustomizable>1</iscustomizable>
  <name>Edit Sales order header-deleted</name>
  <powerpagecomponenttype>2</powerpagecomponenttype>
  <powerpagesiteid>
    <powerpagesiteid>24260cea-f583-4b0d-a1f6-fa54465f30a2</powerpagesiteid>
  </powerpagesiteid>
  <searchcontent>Edit Sales order headerEdit Sales order header-deleted</searchcontent>
  <statecode>1</statecode>
  <statuscode>2</statuscode>
</powerpagecomponent>