{"name":"a882cc80-ffe6-4197-884c-4712a08929f4","id":"/providers/Microsoft.Flow/flows/a882cc80-ffe6-4197-884c-4712a08929f4","type":"Microsoft.Flow/flows","properties":{"apiId":"/providers/Microsoft.PowerApps/apis/shared_logicflows","displayName":"CancelSalesOrder","definition":{"metadata":{"workflowEntityId":null,"processAdvisorMetadata":null,"flowChargedByPaygo":null,"flowclientsuspensionreason":"None","flowclientsuspensiontime":null,"flowclientsuspensionreasondetails":null,"creator":{"id":"d1143195-5616-48dd-a844-6d4d1ae13008","type":"User","tenantId":"0bccb0fe-0f7c-4f75-ba17-cee328d68beb"},"provisioningMethod":"FromDefinition","failureAlertSubscription":true,"clientLastModifiedTime":"2025-05-22T08:43:59.5610947Z","connectionKeySavedTimeKey":"2025-05-22T08:43:59.5610947Z","creationSource":"Portal","modifiedSources":"Portal"},"$schema":"https://schema.management.azure.com/providers/Microsoft.Logic/schemas/2016-06-01/workflowdefinition.json#","contentVersion":"undefined","parameters":{"$authentication":{"defaultValue":{},"type":"SecureObject"},"$connections":{"defaultValue":{},"type":"Object"}},"triggers":{"manual":{"metadata":{},"type":"Request","kind":"Http","inputs":{"schema":{"type":"object","properties":{"_salesId":{"type":"string"},"_company":{"type":"string"}}},"triggerAuthenticationType":"All"}}},"actions":{"Get_Token":{"runAfter":{},"type":"Http","inputs":{"uri":"https://login.microsoftonline.com/0bccb0fe-0f7c-4f75-ba17-cee328d68beb/oauth2/V2.0/token","method":"POST","headers":{"Content-Type":"application/x-www-form-urlencoded"},"body":"grant_type=client_credentials &client_id=198cc1d1-4a90-4990-bba2-2da953a1ee35 &Client_secret=fwK8Q~RlLiQHBPs5yPP3qZOyKXpCelt_ApI4ZbuH &Scope=https://sbasseeb.sandbox.operations.dynamics.com/.default"},"runtimeConfiguration":{"contentTransfer":{"transferMode":"Chunked"}}},"Parse_JSON":{"runAfter":{"Get_Token":["Succeeded"]},"type":"ParseJson","inputs":{"content":"@outputs('Get_Token')?['body']\n","schema":{"type":"object","properties":{"type":{"type":"string"},"properties":{"type":"object","properties":{"token_type":{"type":"object","properties":{"type":{"type":"string"}}},"expires_in":{"type":"object","properties":{"type":{"type":"string"}}},"ext_expires_in":{"type":"object","properties":{"type":{"type":"string"}}},"access_token":{"type":"object","properties":{"type":{"type":"string"}}}}}}}}},"HTTP_1":{"runAfter":{"Parse_JSON":["Succeeded"]},"type":"Http","inputs":{"uri":"https://sbasseeb.sandbox.operations.dynamics.com/api/services/AsseebCancelSalesOrderServiceGroup/AsseebCancelSalesOrderService/cancelSalesOrder","method":"POST","headers":{"Authorization":"Bearer @{body('Parse_JSON')?['access_token']}","Accept":"application/json"},"body":{"_salesId":"@{triggerBody()?['_salesId']}","_company":"@{triggerBody()?['_company']}"}},"runtimeConfiguration":{"contentTransfer":{"transferMode":"Chunked"}}},"Response":{"runAfter":{"HTTP_1":["Succeeded"]},"type":"Response","kind":"Http","inputs":{"statusCode":200,"body":{"DebugMessage":"Sales order cancelled successfully","response":"@body('HTTP_1')"}}}}},"connectionReferences":{},"flowFailureAlertSubscribed":false,"isManaged":false}}