<powerpagecomponent powerpagecomponentid="781d2df2-7f35-72a2-cd63-12e05842c389">
  <content>{
  "filecontent": null,
  "displayorder": 26,
  "customcss": "",
  "customjavascript": "  // Function to handle the cancellation of a sales order\r\n  function cancelSalesOrder(salesOrderNumber) {\r\n    // Display a confirmation message to the user\r\n    if (confirm('Are you sure you want to cancel this sales order?')) {\r\n      // Call your cancellation logic (API, Power Automate, etc.)\r\n      fetch('/_api/your-custom-api-endpoint', {\r\n        method: 'POST',\r\n        headers: {\r\n          'Content-Type': 'application/json',\r\n          'Accept': 'application/json',\r\n        },\r\n        body: JSON.stringify({\r\n          salesOrderNumber: salesOrderNumber,\r\n          status: 'Cancelled'\r\n        })\r\n      })\r\n      .then(response =&gt; {\r\n        if (response.ok) {\r\n          alert('Sales Order has been cancelled successfully.');\r\n          location.reload(); // Reload the page to reflect changes\r\n        } else {\r\n          alert('Failed to cancel the Sales Order.');\r\n        }\r\n      })\r\n      .catch(error =&gt; {\r\n        console.error('Error:', error);\r\n        alert('An error occurred while cancelling the Sales Order.');\r\n      });\r\n    }\r\n  }\r\n",
  "pagetemplateid": "2f3c0c74-9153-4e62-85c0-24e9548b6885",
  "parentpageid": "3c20120f-ae44-4771-8279-18f01d27ba8d",
  "partialurl": "test-deleted",
  "isroot": false,
  "rootwebpageid": "832bed3e-8d35-3fb8-6472-06b3b8886126",
  "title": "test",
  "summary": "&lt;p&gt;This is a sample landing page designed to be a starting point for your website&lt;/p&gt;",
  "copy": "&lt;div class=\"row sectionBlockLayout text-start\" style=\"display: flex; flex-wrap: wrap; margin: 0px; min-height: auto; padding: 8px;\"&gt;\n  &lt;div class=\"container\" style=\"padding: 0px; display: flex; flex-wrap: wrap;\"&gt;\n    &lt;div class=\"col-lg-12 columnBlockLayout\" style=\"flex-grow: 1; display: flex; flex-direction: column; min-width: 250px;\"&gt;\n      &lt;h3&gt;Sales Orders for Customer: CUS-000002&lt;/h3&gt;\n      \n      {% include 'entity_list' Key: '116ca269-8375-42fa-9a37-e6c01775646d' %}\n      \n      &lt;!-- Loop through sales orders --&gt;\n      {% for record in entity_list.records %}\n        &lt;div class=\"sales-order-item\"&gt;\n          &lt;p&gt;Sales Order Number: {{ record.salesordernumber }}&lt;/p&gt;\n          &lt;p&gt;Status: {{ record.salesorderstatus }}&lt;/p&gt;\n          \n          &lt;!-- Button to cancel the sales order --&gt;\n          &lt;button class=\"cancel-button\" onclick=\"cancelSalesOrder('{{ record.salesordernumber }}')\"&gt;Cancel Sales Order&lt;/button&gt;\n        &lt;/div&gt;\n      {% endfor %}\n      \n      &lt;h3&gt;Customer ID&lt;/h3&gt;\n    &lt;/div&gt;\n  &lt;/div&gt;\n&lt;/div&gt;\n",
  "publishingstateid": "14ab8097-7358-4744-9b53-e8941ef7d194",
  "enablerating": false,
  "enabletracking": false,
  "excludefromsearch": false,
  "hiddenfromsitemap": true,
  "sharedpageconfiguration": false
}</content>
  <iscustomizable>1</iscustomizable>
  <name>test-deleted</name>
  <powerpagecomponenttype>2</powerpagecomponenttype>
  <powerpagesiteid>
    <powerpagesiteid>24260cea-f583-4b0d-a1f6-fa54465f30a2</powerpagesiteid>
  </powerpagesiteid>
  <powerpagesitelanguageid>
    <powerpagesitelanguageid>bee0ff93-2a87-4e46-a408-415260cf1250</powerpagesitelanguageid>
  </powerpagesitelanguageid>
  <searchcontent>test&lt;div class="row sectionBlockLayout text-start" style="display: flex; flex-wrap: wrap; margin: 0px; min-height: auto; padding: 8px;"&gt;
  &lt;div class="container" style="padding: 0px; display: flex; flex-wrap: wrap;"&gt;
    &lt;div class="col-lg-12 columnBlockLayout" style="flex-grow: 1; display: flex; flex-direction: column; min-width: 250px;"&gt;
      &lt;h3&gt;Sales Orders for Customer: CUS-000002&lt;/h3&gt;
      
      {% include 'entity_list' Key: '116ca269-8375-42fa-9a37-e6c01775646d' %}
      
      &lt;!-- Loop through sales orders --&gt;
      {% for record in entity_list.records %}
        &lt;div class="sales-order-item"&gt;
          &lt;p&gt;Sales Order Number: {{ record.salesordernumber }}&lt;/p&gt;
          &lt;p&gt;Status: {{ record.salesorderstatus }}&lt;/p&gt;
          
          &lt;!-- Button to cancel the sales order --&gt;
          &lt;button class="cancel-button" onclick="cancelSalesOrder('{{ record.salesordernumber }}')"&gt;Cancel Sales Order&lt;/button&gt;
        &lt;/div&gt;
      {% endfor %}
      
      &lt;h3&gt;Customer ID&lt;/h3&gt;
    &lt;/div&gt;
  &lt;/div&gt;
&lt;/div&gt;
test-deleted</searchcontent>
  <statecode>1</statecode>
  <statuscode>2</statuscode>
</powerpagecomponent>