<powerpagecomponent powerpagecomponentid="579ad84d-05ec-476d-9d6d-b2e856e43d52">
  <content>{
  "lcid": 1033,
  "entityname": "cr26b_customersusers",
  "formname": "Edit Customer User Record",
  "mode": 100000001,
  "onsuccess": 756150000,
  "hideformonsuccess": true,
  "redirectwebpage": null,
  "redirecturl": null,
  "captcharequired": false,
  "showcaptchaforauthenticatedusers": false,
  "entitypermissionsenabled": true,
  "maximumnooffiles": 5,
  "attachfilestoragelocation": 756150000,
  "attachfilemaxsize": null,
  "entitysourcetype": 756150001,
  "recordidquerystringparametername": "id",
  "copy": "undefined",
  "geolocation_maptype": 756150000
}</content>
  <iscustomizable>1</iscustomizable>
  <name>Edit Customer User Record</name>
  <powerpagecomponenttype>15</powerpagecomponenttype>
  <powerpagesiteid>
    <powerpagesiteid>24260cea-f583-4b0d-a1f6-fa54465f30a2</powerpagesiteid>
  </powerpagesiteid>
  <statecode>0</statecode>
  <statuscode>1</statuscode>
</powerpagecomponent>