<powerpagecomponent powerpagecomponentid="4b0412ae-a654-4e36-a59f-0a47799ca8f6">
  <content>{
  "display_name": "Home/Subtitle",
  "type": 756150000
}</content>
  <iscustomizable>1</iscustomizable>
  <name>Home/Subtitle</name>
  <powerpagecomponenttype>7</powerpagecomponenttype>
  <powerpagesiteid>
    <powerpagesiteid>24260cea-f583-4b0d-a1f6-fa54465f30a2</powerpagesiteid>
  </powerpagesiteid>
  <powerpagesitelanguageid>
    <powerpagesitelanguageid>bee0ff93-2a87-4e46-a408-415260cf1250</powerpagesitelanguageid>
  </powerpagesitelanguageid>
  <statecode>0</statecode>
  <statuscode>1</statuscode>
</powerpagecomponent>