<powerpagecomponent powerpagecomponentid="02f48825-a9b8-ad08-44ed-3a677e397e3d">
  <content>{"filecontent":null,"displayorder":null,"customcss":"","customjavascript":"","pagetemplateid":"2f3c0c74-9153-4e62-85c0-24e9548b6885","parentpageid":"3c20120f-ae44-4771-8279-18f01d27ba8d","partialurl":"Edit-sales-order-header","isroot":false,"rootwebpageid":"00899a11-1658-4f91-a22d-4f62d1a4d910","title":"Edit sales order header","summary":"&lt;p&gt;This is a sample landing page designed to be a starting point for your website&lt;/p&gt;","copy":"&lt;div class=\"row sectionBlockLayout text-start\" style=\"display: flex; flex-wrap: wrap; margin: 0px; min-height: auto; padding: 8px;\"&gt;\n  &lt;div class=\"container\" style=\"display: flex; flex-wrap: wrap;\"&gt;\n    &lt;div class=\"col-lg-12 columnBlockLayout\" style=\"flex-grow: 1; display: flex; flex-direction: column; min-width: 250px; padding: 16px; margin: 60px 0px;\"&gt;\n      {% entityform name: 'Edit Sales order Header' %}\n    &lt;/div&gt;\n  &lt;/div&gt;\n&lt;/div&gt;\n\n\n\n","publishingstateid":"14ab8097-7358-4744-9b53-e8941ef7d194","enablerating":false,"enabletracking":false,"excludefromsearch":false,"hiddenfromsitemap":true,"sharedpageconfiguration":false}</content>
  <iscustomizable>1</iscustomizable>
  <name>Edit sales order header</name>
  <powerpagecomponenttype>2</powerpagecomponenttype>
  <powerpagesiteid>
    <powerpagesiteid>24260cea-f583-4b0d-a1f6-fa54465f30a2</powerpagesiteid>
  </powerpagesiteid>
  <powerpagesitelanguageid>
    <powerpagesitelanguageid>bee0ff93-2a87-4e46-a408-415260cf1250</powerpagesitelanguageid>
  </powerpagesitelanguageid>
  <searchcontent>Edit sales order header&lt;div class="row sectionBlockLayout text-start" style="display: flex; flex-wrap: wrap; margin: 0px; min-height: auto; padding: 8px;"&gt;
  &lt;div class="container" style="display: flex; flex-wrap: wrap;"&gt;
    &lt;div class="col-lg-12 columnBlockLayout" style="flex-grow: 1; display: flex; flex-direction: column; min-width: 250px; padding: 16px; margin: 60px 0px;"&gt;
      {% entityform name: 'Edit Sales order Header' %}
    &lt;/div&gt;
  &lt;/div&gt;
&lt;/div&gt;



Edit sales order header</searchcontent>
  <statecode>0</statecode>
  <statuscode>1</statuscode>
</powerpagecomponent>