<powerpagecomponent powerpagecomponentid="fe7e485e-2a39-41c3-bc08-6f5f390cf98a">
  <content>{"display_name":"Search/Facet/Rating","type":756150000,"value":"Rating"}</content>
  <iscustomizable>1</iscustomizable>
  <name>Search/Facet/Rating</name>
  <powerpagecomponenttype>7</powerpagecomponenttype>
  <powerpagesiteid>
    <powerpagesiteid>24260cea-f583-4b0d-a1f6-fa54465f30a2</powerpagesiteid>
  </powerpagesiteid>
  <powerpagesitelanguageid>
    <powerpagesitelanguageid>bee0ff93-2a87-4e46-a408-415260cf1250</powerpagesitelanguageid>
  </powerpagesitelanguageid>
  <statecode>0</statecode>
  <statuscode>1</statuscode>
</powerpagecomponent>