<powerpagecomponent powerpagecomponentid="708313c4-208a-4980-bea1-7c47086fdb9b">
  <content>{"createdOn":"2025-02-19T14:31:46.803Z","parentpageid":"3c20120f-ae44-4771-8279-18f01d27ba8d","publishingstateid":"14ab8097-7358-4744-9b53-e8941ef7d194","partialurl":"Products-4.jpg","title":"","summary":"","enabletracking":false,"excludefromsearch":false,"hiddenfromsitemap":false}</content>
  <filecontent mimetype="image/jpeg">Products-4.jpg</filecontent>
  <iscustomizable>1</iscustomizable>
  <name>Products-4.jpg</name>
  <powerpagecomponenttype>3</powerpagecomponenttype>
  <powerpagesiteid>
    <powerpagesiteid>24260cea-f583-4b0d-a1f6-fa54465f30a2</powerpagesiteid>
  </powerpagesiteid>
  <statecode>0</statecode>
  <statuscode>1</statuscode>
</powerpagecomponent>