<powerpagecomponent powerpagecomponentid="60d13874-2311-4da0-9ccb-be1e9471066a">
  <content>{
  "filecontent": null,
  "entityname": "Edit sales order header",
  "entitylogicalname": "mserp_salesorderheaderv4entity",
  "scope": 756150000,
  "append": true,
  "appendto": true,
  "delete": true,
  "read": true,
  "create": true,
  "write": true,
  "parentrelationship": null,
  "parententitypermission": null,
  "contactrelationship": null,
  "accountrelationship": null,
  "childTablePermissions": [],
  "adx_entitypermission_webrole": [
    "80b309ff-4aa6-ef11-8a69-002248a1780d",
    "ef8b3d8d-497b-ef11-ac20-7c1e5220a025"
  ]
}</content>
  <iscustomizable>1</iscustomizable>
  <name>Edit sales order header</name>
  <powerpagecomponenttype>18</powerpagecomponenttype>
  <powerpagesiteid>
    <powerpagesiteid>24260cea-f583-4b0d-a1f6-fa54465f30a2</powerpagesiteid>
  </powerpagesiteid>
  <statecode>0</statecode>
  <statuscode>1</statuscode>
</powerpagecomponent>