<powerpagecomponent powerpagecomponentid="f9d08f33-d931-4e14-b827-a319751d8ac7">
  <content>{"contentdisposition":756150000,"displayorder":9,"enabletracking":false,"excludefromsearch":true,"hiddenfromsitemap":false,"parentpageid":"3c20120f-ae44-4771-8279-18f01d27ba8d","partialurl":"theme.css","publishingstateid":"14ab8097-7358-4744-9b53-e8941ef7d194"}</content>
  <filecontent mimetype="text/css">theme.css</filecontent>
  <iscustomizable>1</iscustomizable>
  <name>theme.css</name>
  <powerpagecomponenttype>3</powerpagecomponenttype>
  <powerpagesiteid>
    <powerpagesiteid>24260cea-f583-4b0d-a1f6-fa54465f30a2</powerpagesiteid>
  </powerpagesiteid>
  <statecode>0</statecode>
  <statuscode>1</statuscode>
</powerpagecomponent>