<powerpagecomponent powerpagecomponentid="b699acc9-8079-a9ff-d906-4a619615b297">
  <content>{
  "filecontent": null,
  "displayorder": null,
  "customcss": "",
  "customjavascript": "\r\n  document.addEventListener(\"DOMContentLoaded\", function () {\r\n    const submitBtn = document.getElementById(\"submitBtn\");\r\n    const poInput = document.getElementById(\"poNumber\");\r\n    const spinner = document.getElementById(\"loadingSpinner\");\r\n    const responseBox = document.getElementById(\"responseBox\");\r\n\r\n    const flowUrl = \"https://prod-196.westeurope.logic.azure.com:443/workflows/39601ddb27f04d1688b7df96588cdf17/triggers/manual/paths/invoke?api-version=2016-06-01&amp;sp=%2Ftriggers%2Fmanual%2Frun&amp;sv=1.0&amp;sig=_DMshORV_8SDYelhiVZ7R7AX1sJjOkM98y3VuREdUPE\";\r\n\r\n    submitBtn.addEventListener(\"click\", () =&gt; {\r\n      const poNumber = poInput.value.trim();\r\n\r\n      if (!poNumber) {\r\n        alert(\"Please enter a PO number.\");\r\n        return;\r\n      }\r\n\r\n      // Reset UI\r\n      spinner.style.display = \"block\";\r\n      responseBox.style.display = \"none\";\r\n      responseBox.innerHTML = \"\";\r\n\r\n      fetch(flowUrl, {\r\n        method: \"POST\",\r\n        headers: {\r\n          \"Content-Type\": \"application/json\"\r\n        },\r\n        body: JSON.stringify({ purchaseOrderNumber: poNumber })\r\n      })\r\n        .then(response =&gt; {\r\n          if (!response.ok) {\r\n            throw new Error(\"Flow call failed.\");\r\n          }\r\n          return response.json();\r\n        })\r\n        .then(data =&gt; {\r\n          spinner.style.display = \"none\";\r\n\r\n          if (!data.value || !data.value.length) {\r\n            responseBox.style.display = \"block\";\r\n            responseBox.innerHTML = \"&lt;strong&gt;No data found for this PO number.&lt;/strong&gt;\";\r\n            return;\r\n          }\r\n\r\n          const poDetails = data.value[0];\r\n          let html = \"&lt;h5&gt;Purchase Order Details:&lt;/h5&gt;&lt;table class='table table-bordered table-striped'&gt;&lt;tbody&gt;\";\r\n\r\n          for (const key in poDetails) {\r\n            const value = poDetails[key] || \"—\";\r\n            html += `&lt;tr&gt;&lt;td&gt;&lt;strong&gt;${key}&lt;/strong&gt;&lt;/td&gt;&lt;td&gt;${value}&lt;/td&gt;&lt;/tr&gt;`;\r\n          }\r\n\r\n          html += \"&lt;/tbody&gt;&lt;/table&gt;\";\r\n\r\n          responseBox.style.display = \"block\";\r\n          responseBox.innerHTML = html;\r\n        })\r\n        .catch(err =&gt; {\r\n          spinner.style.display = \"none\";\r\n          responseBox.style.display = \"block\";\r\n          responseBox.innerHTML = `&lt;span class=\"text-danger\"&gt;Error: ${err.message}&lt;/span&gt;`;\r\n        });\r\n    });\r\n  });\r\n\r\n",
  "pagetemplateid": "2f3c0c74-9153-4e62-85c0-24e9548b6885",
  "parentpageid": "3c20120f-ae44-4771-8279-18f01d27ba8d",
  "partialurl": "GetPurchaseOrderDetails-deleted",
  "isroot": false,
  "rootwebpageid": "12181c21-61ab-2b7c-e5bd-570bc6b2fdf5",
  "title": "GetPurchaseOrderDetails",
  "summary": "&lt;p&gt;This is a sample landing page designed to be a starting point for your website&lt;/p&gt;",
  "copy": "&lt;div class=\"container mt-4\"&gt;\n  &lt;h3&gt;Get Purchase Order Details&lt;/h3&gt;\n  &lt;div class=\"form-group mt-3\"&gt;&lt;input type=\"text\" id=\"poNumber\" placeholder=\"Enter PO Number\" class=\"form-control\" style=\"max-width: 300px;\" /&gt;&lt;/div&gt;\n  &lt;button id=\"submitBtn\" class=\"btn btn-primary mt-2\"&gt;Submit&lt;/button&gt;\n  &lt;div id=\"loadingSpinner\" class=\"mt-3\" style=\"display: none;\"&gt;\n    &lt;div role=\"status\" class=\"spinner-border text-primary\"&gt;&lt;/div&gt;\n    &lt;span&gt;Fetching data...&lt;/span&gt;\n  &lt;/div&gt;\n  &lt;div id=\"responseBox\" class=\"mt-4 alert alert-info\" style=\"display: none;\"&gt;&lt;/div&gt;\n&lt;/div&gt;\n&lt;div class=\"row sectionBlockLayout text-start\" style=\"display: flex; flex-wrap: wrap; margin: 0px; min-height: auto; padding: 8px;\"&gt;\n  &lt;div class=\"container\" style=\"padding: 0px; display: flex; flex-wrap: wrap;\"&gt;&lt;div class=\"col-lg-12 columnBlockLayout\" style=\"flex-grow: 1; display: flex; flex-direction: column; min-width: 250px;\"&gt;&lt;/div&gt;&lt;/div&gt;\n&lt;/div&gt;\n",
  "publishingstateid": "14ab8097-7358-4744-9b53-e8941ef7d194",
  "enablerating": false,
  "enabletracking": false,
  "excludefromsearch": false,
  "hiddenfromsitemap": true,
  "sharedpageconfiguration": false
}</content>
  <iscustomizable>1</iscustomizable>
  <name>GetPurchaseOrderDetails-deleted</name>
  <powerpagecomponenttype>2</powerpagecomponenttype>
  <powerpagesiteid>
    <powerpagesiteid>24260cea-f583-4b0d-a1f6-fa54465f30a2</powerpagesiteid>
  </powerpagesiteid>
  <powerpagesitelanguageid>
    <powerpagesitelanguageid>bee0ff93-2a87-4e46-a408-415260cf1250</powerpagesitelanguageid>
  </powerpagesitelanguageid>
  <searchcontent>GetPurchaseOrderDetails&lt;div class="container mt-4"&gt;
  &lt;h3&gt;Get Purchase Order Details&lt;/h3&gt;
  &lt;div class="form-group mt-3"&gt;&lt;input type="text" id="poNumber" placeholder="Enter PO Number" class="form-control" style="max-width: 300px;" /&gt;&lt;/div&gt;
  &lt;button id="submitBtn" class="btn btn-primary mt-2"&gt;Submit&lt;/button&gt;
  &lt;div id="loadingSpinner" class="mt-3" style="display: none;"&gt;
    &lt;div role="status" class="spinner-border text-primary"&gt;&lt;/div&gt;
    &lt;span&gt;Fetching data...&lt;/span&gt;
  &lt;/div&gt;
  &lt;div id="responseBox" class="mt-4 alert alert-info" style="display: none;"&gt;&lt;/div&gt;
&lt;/div&gt;
&lt;div class="row sectionBlockLayout text-start" style="display: flex; flex-wrap: wrap; margin: 0px; min-height: auto; padding: 8px;"&gt;
  &lt;div class="container" style="padding: 0px; display: flex; flex-wrap: wrap;"&gt;&lt;div class="col-lg-12 columnBlockLayout" style="flex-grow: 1; display: flex; flex-direction: column; min-width: 250px;"&gt;&lt;/div&gt;&lt;/div&gt;
&lt;/div&gt;
GetPurchaseOrderDetails-deleted</searchcontent>
  <statecode>1</statecode>
  <statuscode>2</statuscode>
</powerpagecomponent>