<powerpagecomponent powerpagecomponentid="7a9b5e6e-501b-4c71-b637-bfe300a9a509">
  <content>{
  "filecontent": null,
  "disablepagevalidation": false,
  "displayimageonly": false,
  "displayorder": 5,
  "displaypagechildlinks": false,
  "openinnewwindow": false,
  "pageid": "15a68e5e-cb71-4f00-826b-6de8477437c0",
  "parentweblinkid": null,
  "publishingstateid": "14ab8097-7358-4744-9b53-e8941ef7d194",
  "robotsfollowlink": true,
  "weblinksetid": "344ccb9c-8a5f-40c7-aee0-421e1c5bf86b",
  "copy": "undefined"
}</content>
  <iscustomizable>1</iscustomizable>
  <name>Subpage 1-deleted</name>
  <powerpagecomponenttype>5</powerpagecomponenttype>
  <powerpagesiteid>
    <powerpagesiteid>24260cea-f583-4b0d-a1f6-fa54465f30a2</powerpagesiteid>
  </powerpagesiteid>
  <statecode>1</statecode>
  <statuscode>2</statuscode>
</powerpagecomponent>