<powerpagecomponent powerpagecomponentid="286ee835-96ee-6441-7cf5-aafdd344571e">
  <content>{
  "filecontent": null,
  "displayorder": 3,
  "parentweblinkid": "52f8ae45-3372-28e0-4499-4097c0416d6c",
  "weblinksetid": "344ccb9c-8a5f-40c7-aee0-421e1c5bf86b",
  "pageid": "86c7ad9e-62fb-628f-9b76-47867cba26c3",
  "publishingstateid": "14ab8097-7358-4744-9b53-e8941ef7d194",
  "displaypagevalidation": false,
  "displayimageonly": false,
  "displaypagechildlinks": false,
  "openinnewwindow": false,
  "robotsfollowlink": true,
  "copy": "undefined"
}</content>
  <iscustomizable>1</iscustomizable>
  <name>Map User-deleted</name>
  <powerpagecomponenttype>5</powerpagecomponenttype>
  <powerpagesiteid>
    <powerpagesiteid>24260cea-f583-4b0d-a1f6-fa54465f30a2</powerpagesiteid>
  </powerpagesiteid>
  <statecode>1</statecode>
  <statuscode>2</statuscode>
</powerpagecomponent>