<powerpagesites>
  <powerpagesite powerpagesiteid="24260cea-f583-4b0d-a1f6-fa54465f30a2">
    <content>{
  "defaultlanguage": "bee0ff93-2a87-4e46-a408-415260cf1250",
  "footerwebtemplateid": "dbaf0ae2-7447-4264-a94a-f5b37116bcb6",
  "headerwebtemplateid": "1759555d-976c-47b0-aaf8-d9e534cbbe92",
  "statecode": 0,
  "statuscode": 1,
  "website_language": 1033,
  "defaultbotconsumerid": "9ccf9d83-866e-ef11-a670-002248a0cd2a"
}</content>
    <datamodelversion>2.0</datamodelversion>
    <iscustomizable>1</iscustomizable>
    <name>Distribution</name>
    <primarydomainname>asseb-distribution.powerappsportals.com</primarydomainname>
    <statecode>0</statecode>
    <statuscode>1</statuscode>
  </powerpagesite>
</powerpagesites>