<powerpagesitelanguages>
  <powerpagesitelanguage powerpagesitelanguageid="bee0ff93-2a87-4e46-a408-415260cf1250">
    <content>{"publishingstate":"14ab8097-7358-4744-9b53-e8941ef7d194","systemlanguage":1033}</content>
    <displayname>English</displayname>
    <iscustomizable>1</iscustomizable>
    <languagecode>en-US</languagecode>
    <lcid>1033</lcid>
    <name>English</name>
    <powerpagesiteid>
      <powerpagesiteid>24260cea-f583-4b0d-a1f6-fa54465f30a2</powerpagesiteid>
    </powerpagesiteid>
    <statecode>0</statecode>
    <statuscode>1</statuscode>
  </powerpagesitelanguage>
</powerpagesitelanguages>