<powerpagecomponent powerpagecomponentid="cb6131d2-4caa-7234-9b66-178fbd4dd220">
  <content>{
  "filecontent": null,
  "displayorder": null,
  "weblinksetid": "344ccb9c-8a5f-40c7-aee0-421e1c5bf86b",
  "pageid": "12181c21-61ab-2b7c-e5bd-570bc6b2fdf5",
  "publishingstateid": "14ab8097-7358-4744-9b53-e8941ef7d194",
  "displaypagevalidation": false,
  "displayimageonly": false,
  "displaypagechildlinks": false,
  "openinnewwindow": false,
  "robotsfollowlink": true
}</content>
  <iscustomizable>1</iscustomizable>
  <name>GetPurchaseOrderDetails-deleted</name>
  <powerpagecomponenttype>5</powerpagecomponenttype>
  <powerpagesiteid>
    <powerpagesiteid>24260cea-f583-4b0d-a1f6-fa54465f30a2</powerpagesiteid>
  </powerpagesiteid>
  <statecode>1</statecode>
  <statuscode>2</statuscode>
</powerpagecomponent>