<powerpagecomponent powerpagecomponentid="65c00344-ed2a-f3fd-6fb5-23e2569d727b">
  <content>{
  "displayorder": null,
  "customcss": "",
  "customjavascript": "",
  "pagetemplateid": "2f3c0c74-9153-4e62-85c0-24e9548b6885",
  "parentpageid": "3c20120f-ae44-4771-8279-18f01d27ba8d",
  "partialurl": "Edit-Sales-Order-Lines",
  "isroot": true,
  "title": "Edit Sales Order Lines",
  "summary": "&lt;p&gt;This is a sample landing page designed to be a starting point for your website&lt;/p&gt;",
  "copy": "",
  "publishingstateid": "14ab8097-7358-4744-9b53-e8941ef7d194",
  "enablerating": false,
  "enabletracking": false,
  "excludefromsearch": false,
  "hiddenfromsitemap": true,
  "sharedpageconfiguration": false
}</content>
  <iscustomizable>1</iscustomizable>
  <name>Edit Sales Order Lines</name>
  <powerpagecomponenttype>2</powerpagecomponenttype>
  <powerpagesiteid>
    <powerpagesiteid>24260cea-f583-4b0d-a1f6-fa54465f30a2</powerpagesiteid>
  </powerpagesiteid>
  <searchcontent>Edit Sales Order LinesEdit Sales Order Lines</searchcontent>
  <statecode>0</statecode>
  <statuscode>1</statuscode>
</powerpagecomponent>