<powerpagecomponent powerpagecomponentid="dc69076a-7988-486f-b3ca-face380c4d33">
  <content>{"display_name":"Search/Facet/Modified Date","type":756150000,"value":"Modified date"}</content>
  <iscustomizable>1</iscustomizable>
  <name>Search/Facet/ModifiedDate</name>
  <powerpagecomponenttype>7</powerpagecomponenttype>
  <powerpagesiteid>
    <powerpagesiteid>24260cea-f583-4b0d-a1f6-fa54465f30a2</powerpagesiteid>
  </powerpagesiteid>
  <powerpagesitelanguageid>
    <powerpagesitelanguageid>bee0ff93-2a87-4e46-a408-415260cf1250</powerpagesitelanguageid>
  </powerpagesitelanguageid>
  <statecode>0</statecode>
  <statuscode>1</statuscode>
</powerpagecomponent>