<powerpagecomponent powerpagecomponentid="27daa1a5-eba7-ef11-b8e8-002248a1780d">
  <content>{
  "validationregularexpression": "^[a-zA-Z0-9_]{3,50}$",
  "attributelogicalname": "adx_identity_username",
  "type": 100000000,
  "fieldisrequired": false,
  "useattributedescriptionproperty": true,
  "descriptionposition": 100000000,
  "adddescription": false,
  "setvalueonsave": false,
  "ignoredefaultvalue": false,
  "randomizeoptionsetvalues": false,
  "entityform": "fbe96461-2fe6-4bf8-8943-635398ddce3e",
  "entityformforcreate": "fbe96461-2fe6-4bf8-8943-635398ddce3e",
  "validationregularexpressionerrormessage": "[{\"LCID\":1033,\"Value\":\"Username must be between 3 and 50 characters and can only contain alphanumeric characters and underscores (_)\"}]"
}</content>
  <iscustomizable>1</iscustomizable>
  <name>Contact adx_identity_username</name>
  <powerpagecomponenttype>16</powerpagecomponenttype>
  <powerpagesiteid>
    <powerpagesiteid>24260cea-f583-4b0d-a1f6-fa54465f30a2</powerpagesiteid>
  </powerpagesiteid>
  <statecode>0</statecode>
  <statuscode>1</statuscode>
</powerpagecomponent>