<powerpagecomponent powerpagecomponentid="421db7ce-99b0-ef11-b8e8-002248a1780d">
  <content>{
  "filecontent": null,
  "entitysourcetype": "756150001",
  "tabname": "General",
  "formname": "Main Invoice Form",
  "entityname": "mserp_salesinvoiceheaderv2entity",
  "referenceentityshowreadonlyform": false,
  "referencequerystringisprimarykey": true,
  "populatereferenceentitylookupfield": false,
  "setentityreference": false,
  "geolocation_displaymap": false,
  "geolocation_enabled": false,
  "attachfilerestrictaccept": false,
  "attachfilerequired": false,
  "attachfileallowmultiple": false,
  "attachfile": false,
  "portaluserlookupattributeisactivityparty": false,
  "associatecurrentportaluser": false,
  "redirecturlappendentityidquerystring": false,
  "appendquerystring": false,
  "hideformonsuccess": true,
  "onsuccess": "756150000",
  "validationsummarylinksenabled": true,
  "forceallfieldsrequired": false,
  "recommendedfieldsrequired": false,
  "showunsupportedfields": false,
  "showownerfields": false,
  "tooltipenabled": false,
  "renderwebresourcesinline": false,
  "autogeneratesteps": false,
  "showcaptchaforauthenticatedusers": false,
  "captcharequired": false,
  "recordsourceallowcreateonnull": false,
  "entitypermissionsenabled": true,
  "mode": 100000002,
  "geolocation_maptype": 756150000,
  "entityFormMetadatas": [
    "ba476ba5-9bb0-ef11-b8e8-002248a1780d",
    "ebc80a2a-32b1-ef11-b8e8-002248a1780d"
  ],
  "lcid": 1033,
  "successmessage": "",
  "attachfilelabel": "",
  "attachfilemaxsize": null,
  "recordidquerystringparametername": "id",
  "redirecturl": null,
  "redirectwebpage": null
}</content>
  <iscustomizable>1</iscustomizable>
  <name>Sales Invoice Header</name>
  <powerpagecomponenttype>15</powerpagecomponenttype>
  <powerpagesiteid>
    <powerpagesiteid>24260cea-f583-4b0d-a1f6-fa54465f30a2</powerpagesiteid>
  </powerpagesiteid>
  <statecode>0</statecode>
  <statuscode>1</statuscode>
</powerpagecomponent>