<powerpagecomponent powerpagecomponentid="a3e45683-5a46-430a-9728-1ec4e218560e">
  <content>{
  "filecontent": null,
  "display_name": "Logo URL",
  "type": 756150000,
  "value": "/Ajar Logo.png",
  "copy": "undefined"
}</content>
  <iscustomizable>1</iscustomizable>
  <name>Logo URL</name>
  <powerpagecomponenttype>7</powerpagecomponenttype>
  <powerpagesiteid>
    <powerpagesiteid>24260cea-f583-4b0d-a1f6-fa54465f30a2</powerpagesiteid>
  </powerpagesiteid>
  <powerpagesitelanguageid>
    <powerpagesitelanguageid>bee0ff93-2a87-4e46-a408-415260cf1250</powerpagesitelanguageid>
  </powerpagesitelanguageid>
  <statecode>0</statecode>
  <statuscode>1</statuscode>
</powerpagecomponent>