<powerpagecomponent powerpagecomponentid="f3d0ddd1-5d07-44fc-9244-ccb57f7c86eb">
  <content>{"copy":"&lt;h4&gt;About Starter Portal&lt;/h4&gt;&lt;p&gt;This site uses sample data and text, please update as per your requirement.&lt;/p&gt;","display_name":"Footer","publishingstateid":"14ab8097-7358-4744-9b53-e8941ef7d194"}</content>
  <iscustomizable>1</iscustomizable>
  <name>Footer</name>
  <powerpagecomponenttype>4</powerpagecomponenttype>
  <powerpagesiteid>
    <powerpagesiteid>24260cea-f583-4b0d-a1f6-fa54465f30a2</powerpagesiteid>
  </powerpagesiteid>
  <powerpagesitelanguageid>
    <powerpagesitelanguageid>bee0ff93-2a87-4e46-a408-415260cf1250</powerpagesitelanguageid>
  </powerpagesitelanguageid>
  <statecode>0</statecode>
  <statuscode>1</statuscode>
</powerpagecomponent>