<powerpagecomponent powerpagecomponentid="658ad526-e58a-f3fb-2dab-ebc24a8e2633">
  <content>{
  "filecontent": null,
  "displayorder": 15,
  "customcss": "",
  "customjavascript": "",
  "pagetemplateid": "2f3c0c74-9153-4e62-85c0-24e9548b6885",
  "parentpageid": "3c20120f-ae44-4771-8279-18f01d27ba8d",
  "partialurl": "Sales-Orders",
  "isroot": true,
  "title": "Sales Orders",
  "summary": "&lt;p&gt;This is a sample landing page designed to be a starting point for your website&lt;/p&gt;",
  "copy": "",
  "publishingstateid": "14ab8097-7358-4744-9b53-e8941ef7d194",
  "enablerating": false,
  "enabletracking": false,
  "excludefromsearch": false,
  "hiddenfromsitemap": true,
  "sharedpageconfiguration": false
}</content>
  <iscustomizable>1</iscustomizable>
  <name>Sales Orders</name>
  <powerpagecomponenttype>2</powerpagecomponenttype>
  <powerpagesiteid>
    <powerpagesiteid>24260cea-f583-4b0d-a1f6-fa54465f30a2</powerpagesiteid>
  </powerpagesiteid>
  <searchcontent>Sales OrdersSales Orders</searchcontent>
  <statecode>0</statecode>
  <statuscode>1</statuscode>
</powerpagecomponent>