<powerpagecomponent powerpagecomponentid="738d79dc-d857-4d21-a7f0-4a044a1bd305">
  <content>{"display_name":"Secondary Navigation","publishingstateid":"14ab8097-7358-4744-9b53-e8941ef7d194"}</content>
  <iscustomizable>1</iscustomizable>
  <name>Secondary Navigation</name>
  <powerpagecomponenttype>4</powerpagecomponenttype>
  <powerpagesiteid>
    <powerpagesiteid>24260cea-f583-4b0d-a1f6-fa54465f30a2</powerpagesiteid>
  </powerpagesiteid>
  <powerpagesitelanguageid>
    <powerpagesitelanguageid>bee0ff93-2a87-4e46-a408-415260cf1250</powerpagesitelanguageid>
  </powerpagesitelanguageid>
  <statecode>0</statecode>
  <statuscode>1</statuscode>
</powerpagecomponent>