<powerpagecomponent powerpagecomponentid="99b0f8e4-3ea8-4c6f-9c6e-7eb232d97eb9">
  <content>{
  "filecontent": null,
  "entityform": "bcd802b8-55fe-ef11-bae3-002248a02401",
  "webformstep": "bcd802b8-55fe-ef11-bae3-002248a02401",
  "type": 100000001,
  "label": "[{\"LCID\":1033,\"Value\":\"Edit Sales order header\"}]",
  "sectionname": "Sales_Order"
}</content>
  <iscustomizable>1</iscustomizable>
  <name>Edit Sales order Header Sales_Order</name>
  <powerpagecomponenttype>16</powerpagecomponenttype>
  <powerpagesiteid>
    <powerpagesiteid>24260cea-f583-4b0d-a1f6-fa54465f30a2</powerpagesiteid>
  </powerpagesiteid>
  <statecode>0</statecode>
  <statuscode>1</statuscode>
</powerpagecomponent>