<powerpagecomponent powerpagecomponentid="abbdae71-ed17-437a-bd98-4730350430d0">
  <content>{
  "lcid": 1033,
  "entityname": "mserp_salesorderlinev2entity",
  "formname": "Information",
  "mode": 100000000,
  "onsuccess": "756150000",
  "successmessage": "[{\"LCID\":1033,\"Value\":\"done\"}]",
  "hideformonsuccess": true,
  "redirectwebpage": null,
  "redirecturl": null,
  "captcharequired": false,
  "showcaptchaforauthenticatedusers": false,
  "entitypermissionsenabled": true,
  "attachfilelabel": "",
  "attachfilestoragelocation": 756150000,
  "attachfilemaxsize": null,
  "maximumnooffiles": 5,
  "containername": "",
  "storageaccountname": "",
  "entitysourcetype": null,
  "recordidquerystringparametername": null
}</content>
  <iscustomizable>1</iscustomizable>
  <name>Information (2)</name>
  <powerpagecomponenttype>15</powerpagecomponenttype>
  <powerpagesiteid>
    <powerpagesiteid>24260cea-f583-4b0d-a1f6-fa54465f30a2</powerpagesiteid>
  </powerpagesiteid>
  <statecode>0</statecode>
  <statuscode>1</statuscode>
</powerpagecomponent>