<powerpagecomponent powerpagecomponentid="91b2a3b4-6aa6-ef11-8a69-002248a1780d">
  <content>{
  "value": "&lt;script&gt;\r\n    document.addEventListener('DOMContentLoaded', function () {\r\n        // Hide the \"Forgot Password\" link if it exists\r\n        var forgotPasswordLink = document.querySelector('a[href=\"/Account/Login/ForgotPassword\"]');\r\n        if (forgotPasswordLink) {\r\n            forgotPasswordLink.style.display = 'none';\r\n        }\r\n\r\n        // Delay to allow form validation to complete\r\n        setTimeout(function () {\r\n            // Find the link in the validation summary and modify its text\r\n            var msg = document.querySelector('a[href=\"#Username\"]');\r\n            if (msg) {\r\n                msg.textContent = 'The username or the password is wrong. Please try again to login.';\r\n            }\r\n        }, 1); // Delay for 1ms to give enough time for the element to load\r\n    });\r\n&lt;/script&gt;",
  "display_name": "Account/SignIn/PageCopy",
  "type": 756150001
}</content>
  <iscustomizable>1</iscustomizable>
  <name>Account/SignIn/PageCopy</name>
  <powerpagecomponenttype>7</powerpagecomponenttype>
  <powerpagesiteid>
    <powerpagesiteid>24260cea-f583-4b0d-a1f6-fa54465f30a2</powerpagesiteid>
  </powerpagesiteid>
  <statecode>0</statecode>
  <statuscode>1</statuscode>
</powerpagecomponent>