<powerpagecomponent powerpagecomponentid="3b452b23-3737-4500-9d20-5713a059669f">
  <content>{"createdOn":"2025-05-11T10:25:28.760Z","parentpageid":"3c20120f-ae44-4771-8279-18f01d27ba8d","publishingstateid":"14ab8097-7358-4744-9b53-e8941ef7d194","partialurl":"Purchase-Order.jpg","title":"","summary":"","enabletracking":false,"excludefromsearch":false,"hiddenfromsitemap":false}</content>
  <filecontent mimetype="image/jpeg">Purchase-Order.jpg</filecontent>
  <iscustomizable>1</iscustomizable>
  <name>Purchase-Order.jpg</name>
  <powerpagecomponenttype>3</powerpagecomponenttype>
  <powerpagesiteid>
    <powerpagesiteid>24260cea-f583-4b0d-a1f6-fa54465f30a2</powerpagesiteid>
  </powerpagesiteid>
  <statecode>0</statecode>
  <statuscode>1</statuscode>
</powerpagecomponent>