<powerpagecomponent powerpagecomponentid="717a223c-1c0d-708b-26f4-1b8fdbb311a0">
  <content>{
  "webpageid": "62630749-7140-aea4-b05d-47966d9de1b4",
  "right": 2,
  "scope": 1,
  "adx_webpageaccesscontrolrule_webrole": [
    "80b309ff-4aa6-ef11-8a69-002248a1780d",
    "ef8b3d8d-497b-ef11-ac20-7c1e5220a025"
  ]
}</content>
  <iscustomizable>1</iscustomizable>
  <name>Restrict Read on Sales Pricelist</name>
  <powerpagecomponenttype>10</powerpagecomponenttype>
  <powerpagesiteid>
    <powerpagesiteid>24260cea-f583-4b0d-a1f6-fa54465f30a2</powerpagesiteid>
  </powerpagesiteid>
  <statecode>0</statecode>
  <statuscode>1</statuscode>
</powerpagecomponent>