<powerpagecomponent powerpagecomponentid="b99994df-cffd-4419-9303-fbd30f773602">
  <content>{
  "lcid": 1033,
  "entityname": "mserp_salesorderlinev3entity",
  "formname": "Create Sales Order Line",
  "mode": 100000000,
  "onsuccess": "756150000",
  "successmessage": "[{\"LCID\":1033,\"Value\":\"done\"}]",
  "hideformonsuccess": true,
  "redirectwebpage": null,
  "redirecturl": null,
  "captcharequired": false,
  "showcaptchaforauthenticatedusers": false,
  "entitypermissionsenabled": true,
  "attachfilelabel": "",
  "attachfilestoragelocation": 756150000,
  "attachfilemaxsize": null,
  "maximumnooffiles": 5,
  "containername": "",
  "storageaccountname": "",
  "entitysourcetype": null,
  "recordidquerystringparametername": null,
  "entityFormMetadatas": [
    "a6516047-00a6-4d7b-b5cb-751e17eba84f"
  ]
}</content>
  <iscustomizable>1</iscustomizable>
  <name>Create Sales Order Line (2)</name>
  <powerpagecomponenttype>15</powerpagecomponenttype>
  <powerpagesiteid>
    <powerpagesiteid>24260cea-f583-4b0d-a1f6-fa54465f30a2</powerpagesiteid>
  </powerpagesiteid>
  <statecode>0</statecode>
  <statuscode>1</statuscode>
</powerpagecomponent>