<powerpagecomponent powerpagecomponentid="8019d327-57ad-81b3-bca3-7652af2334a4">
  <content>{
  "filecontent": null,
  "displayorder": 3,
  "weblinksetid": "344ccb9c-8a5f-40c7-aee0-421e1c5bf86b",
  "pageid": "00899a11-1658-4f91-a22d-4f62d1a4d910",
  "publishingstateid": "14ab8097-7358-4744-9b53-e8941ef7d194",
  "displaypagevalidation": false,
  "displayimageonly": false,
  "displaypagechildlinks": false,
  "openinnewwindow": false,
  "robotsfollowlink": true,
  "parentweblinkid": "420221db-242f-56dc-73b3-d2b448574c2b"
}</content>
  <iscustomizable>1</iscustomizable>
  <name>Edit sales order header</name>
  <powerpagecomponenttype>5</powerpagecomponenttype>
  <powerpagesiteid>
    <powerpagesiteid>24260cea-f583-4b0d-a1f6-fa54465f30a2</powerpagesiteid>
  </powerpagesiteid>
  <statecode>1</statecode>
  <statuscode>2</statuscode>
</powerpagecomponent>