<powerpagecomponent powerpagecomponentid="27f36eed-ddcf-388b-f1fc-c1a74cad2bcc">
  <content>{
  "webpageid": "1c564f44-a79b-dee3-ba1a-440ec65ea20a",
  "right": 2,
  "scope": 2,
  "adx_webpageaccesscontrolrule_webrole": [
    "80b309ff-4aa6-ef11-8a69-002248a1780d",
    "ef8b3d8d-497b-ef11-ac20-7c1e5220a025"
  ]
}</content>
  <iscustomizable>1</iscustomizable>
  <name>Restrict Read on TestPageAssignCustomerAUser</name>
  <powerpagecomponenttype>10</powerpagecomponenttype>
  <powerpagesiteid>
    <powerpagesiteid>24260cea-f583-4b0d-a1f6-fa54465f30a2</powerpagesiteid>
  </powerpagesiteid>
  <statecode>0</statecode>
  <statuscode>1</statuscode>
</powerpagecomponent>