<powerpagecomponent powerpagecomponentid="472e7540-12dd-4e8a-a6d4-36e484dd5cb7">
  <content>{
  "entityname": "Sales order lines",
  "entitylogicalname": "mserp_salesorderlinev3entity",
  "scope": 756150000,
  "append": true,
  "appendto": true,
  "delete": true,
  "read": true,
  "create": true,
  "write": true,
  "parentrelationship": null,
  "parententitypermission": null,
  "contactrelationship": null,
  "accountrelationship": null,
  "childTablePermissions": [],
  "adx_entitypermission_webrole": [
    "80b309ff-4aa6-ef11-8a69-002248a1780d",
    "ef8b3d8d-497b-ef11-ac20-7c1e5220a025"
  ]
}</content>
  <iscustomizable>1</iscustomizable>
  <name>Sales order lines</name>
  <powerpagecomponenttype>18</powerpagecomponenttype>
  <powerpagesiteid>
    <powerpagesiteid>24260cea-f583-4b0d-a1f6-fa54465f30a2</powerpagesiteid>
  </powerpagesiteid>
  <statecode>0</statecode>
  <statuscode>1</statuscode>
</powerpagecomponent>