<powerpagecomponent powerpagecomponentid="7f34c9f5-e981-414f-a5f3-6c3600e5d26a">
  <content>{
  "filecontent": null,
  "disablepagevalidation": false,
  "displayimageonly": false,
  "displayorder": 6,
  "displaypagechildlinks": false,
  "openinnewwindow": false,
  "pageid": "b9bb2eef-f839-4370-9e63-b19e719a9e17",
  "parentweblinkid": null,
  "publishingstateid": "14ab8097-7358-4744-9b53-e8941ef7d194",
  "robotsfollowlink": true,
  "weblinksetid": "344ccb9c-8a5f-40c7-aee0-421e1c5bf86b",
  "copy": "undefined"
}</content>
  <iscustomizable>1</iscustomizable>
  <name>Subpage 2-deleted</name>
  <powerpagecomponenttype>5</powerpagecomponenttype>
  <powerpagesiteid>
    <powerpagesiteid>24260cea-f583-4b0d-a1f6-fa54465f30a2</powerpagesiteid>
  </powerpagesiteid>
  <statecode>1</statecode>
  <statuscode>2</statuscode>
</powerpagecomponent>