<powerpagecomponent powerpagecomponentid="ed967d7b-85b7-1639-fc3a-fbd0a497f49d">
  <content>{
  "displayorder": 25,
  "weblinksetid": "344ccb9c-8a5f-40c7-aee0-421e1c5bf86b",
  "pageid": "dd90f63d-4b0e-9317-830a-5e8521c6ef2f",
  "publishingstateid": "14ab8097-7358-4744-9b53-e8941ef7d194",
  "displaypagevalidation": false,
  "displayimageonly": false,
  "displaypagechildlinks": false,
  "openinnewwindow": false,
  "robotsfollowlink": true
}</content>
  <iscustomizable>1</iscustomizable>
  <name>Add Sales Order Line</name>
  <powerpagecomponenttype>5</powerpagecomponenttype>
  <powerpagesiteid>
    <powerpagesiteid>24260cea-f583-4b0d-a1f6-fa54465f30a2</powerpagesiteid>
  </powerpagesiteid>
  <statecode>1</statecode>
  <statuscode>2</statuscode>
</powerpagecomponent>