<powerpagecomponent powerpagecomponentid="52f8ae45-3372-28e0-4499-4097c0416d6c">
  <content>{
  "filecontent": null,
  "displayorder": 10,
  "weblinksetid": "344ccb9c-8a5f-40c7-aee0-421e1c5bf86b",
  "pageid": "11f81fee-5ca6-f1f9-f49f-6c17bf5114c4",
  "publishingstateid": "14ab8097-7358-4744-9b53-e8941ef7d194",
  "displaypagevalidation": false,
  "displayimageonly": false,
  "displaypagechildlinks": false,
  "openinnewwindow": false,
  "robotsfollowlink": true,
  "copy": "undefined",
  "parentweblinkid": null
}</content>
  <iscustomizable>1</iscustomizable>
  <name>Assign Customer to User</name>
  <powerpagecomponenttype>5</powerpagecomponenttype>
  <powerpagesiteid>
    <powerpagesiteid>24260cea-f583-4b0d-a1f6-fa54465f30a2</powerpagesiteid>
  </powerpagesiteid>
  <statecode>0</statecode>
  <statuscode>1</statuscode>
</powerpagecomponent>