<powerpagecomponent powerpagecomponentid="225e09c5-a7a3-4d92-b9a7-94aec2121abb">
  <content>{"display_name":"Search/Facet/Sort Order/Relevance","type":756150000,"value":"Relevance"}</content>
  <iscustomizable>1</iscustomizable>
  <name>Search/Facet/SortOrder/Relevance</name>
  <powerpagecomponenttype>7</powerpagecomponenttype>
  <powerpagesiteid>
    <powerpagesiteid>24260cea-f583-4b0d-a1f6-fa54465f30a2</powerpagesiteid>
  </powerpagesiteid>
  <powerpagesitelanguageid>
    <powerpagesitelanguageid>bee0ff93-2a87-4e46-a408-415260cf1250</powerpagesitelanguageid>
  </powerpagesitelanguageid>
  <statecode>0</statecode>
  <statuscode>1</statuscode>
</powerpagecomponent>