<powerpagecomponent powerpagecomponentid="aed8899a-5efe-ef11-bae3-002248a02401">
  <content>{
  "filecontent": null,
  "partialurl": "Edit-Sales-Order-deleted-deleted",
  "feedbackpolicy": 756150000,
  "excludefromsearch": false,
  "hiddenfromsitemap": false,
  "enablerating": false,
  "isroot": true,
  "sharedpageconfiguration": true,
  "entityform": "bcd802b8-55fe-ef11-bae3-002248a02401",
  "publishingstateid": "14ab8097-7358-4744-9b53-e8941ef7d194",
  "pagetemplateid": "2f3c0c74-9153-4e62-85c0-24e9548b6885",
  "parentpageid": "3c20120f-ae44-4771-8279-18f01d27ba8d",
  "isofflinecached": false,
  "copy": "&lt;div id=\"ipo67u\" class=\"row sectionBlockLayout text-start\" style=\"display: flex; flex-wrap: wrap; margin: 0px; min-height: auto; padding: 8px;\"&gt;\n  &lt;div id=\"ibjq5b\" class=\"container\" style=\"padding: 0px; display: flex; flex-wrap: wrap;\"&gt;&lt;div class=\"col-lg-12 columnBlockLayout\" style=\"flex-grow: 1; display: flex; flex-direction: column; min-width: 250px;\"&gt;{% entityform name: 'Edit Sales order Header' %}&lt;/div&gt;&lt;/div&gt;\n&lt;/div&gt;\n"
}</content>
  <iscustomizable>1</iscustomizable>
  <name>Edit Sales Invoice Header-deleted-deleted</name>
  <powerpagecomponenttype>2</powerpagecomponenttype>
  <powerpagesiteid>
    <powerpagesiteid>24260cea-f583-4b0d-a1f6-fa54465f30a2</powerpagesiteid>
  </powerpagesiteid>
  <searchcontent>&lt;div id="ipo67u" class="row sectionBlockLayout text-start" style="display: flex; flex-wrap: wrap; margin: 0px; min-height: auto; padding: 8px;"&gt;
  &lt;div id="ibjq5b" class="container" style="padding: 0px; display: flex; flex-wrap: wrap;"&gt;&lt;div class="col-lg-12 columnBlockLayout" style="flex-grow: 1; display: flex; flex-direction: column; min-width: 250px;"&gt;{% entityform name: 'Edit Sales order Header' %}&lt;/div&gt;&lt;/div&gt;
&lt;/div&gt;
Edit Sales Invoice Header-deleted-deleted</searchcontent>
  <statecode>1</statecode>
  <statuscode>2</statuscode>
</powerpagecomponent>