<powerpagecomponent powerpagecomponentid="3711275c-9e4a-ec80-7182-178af15a18b2">
  <content>{
  "webpageid": "3f70d53d-e4bb-aff1-d746-81be6966e856",
  "right": 2,
  "scope": 1,
  "adx_webpageaccesscontrolrule_webrole": [
    "80b309ff-4aa6-ef11-8a69-002248a1780d",
    "ef8b3d8d-497b-ef11-ac20-7c1e5220a025"
  ]
}</content>
  <iscustomizable>1</iscustomizable>
  <name>Restrict Read on Edit Sales order header</name>
  <powerpagecomponenttype>10</powerpagecomponenttype>
  <powerpagesiteid>
    <powerpagesiteid>24260cea-f583-4b0d-a1f6-fa54465f30a2</powerpagesiteid>
  </powerpagesiteid>
  <statecode>0</statecode>
  <statuscode>1</statuscode>
</powerpagecomponent>