<powerpagecomponent powerpagecomponentid="e05ce093-1507-4dc0-a087-0893970d02a1">
  <content>{"disablepagevalidation":false,"displayimageonly":false,"displayorder":1,"displaypagechildlinks":false,"openinnewwindow":false,"pageid":"f842a340-3f44-4f7f-9c8a-59af71bb2b7e","publishingstateid":"14ab8097-7358-4744-9b53-e8941ef7d194","robotsfollowlink":true,"weblinksetid":"b95cf124-98f7-4a41-9fad-77e0df07f7cf"}</content>
  <iscustomizable>1</iscustomizable>
  <name>Profile</name>
  <powerpagecomponenttype>5</powerpagecomponenttype>
  <powerpagesiteid>
    <powerpagesiteid>24260cea-f583-4b0d-a1f6-fa54465f30a2</powerpagesiteid>
  </powerpagesiteid>
  <statecode>0</statecode>
  <statuscode>1</statuscode>
</powerpagecomponent>