<powerpagecomponent powerpagecomponentid="10d3c592-c0c9-4c05-8147-f182d5f8106f">
  <content>{"disablepagevalidation":false,"displayimageonly":false,"displayorder":1,"displaypagechildlinks":false,"openinnewwindow":false,"parentweblinkid":"7ca9b999-ce8a-4d9c-8780-fbbcaaa8341e","publishingstateid":"14ab8097-7358-4744-9b53-e8941ef7d194","robotsfollowlink":true,"weblinksetid":"67e5ae39-dccb-4371-92d6-c4baedaef21d"}</content>
  <iscustomizable>1</iscustomizable>
  <name>Subpage 1</name>
  <powerpagecomponenttype>5</powerpagecomponenttype>
  <powerpagesiteid>
    <powerpagesiteid>24260cea-f583-4b0d-a1f6-fa54465f30a2</powerpagesiteid>
  </powerpagesiteid>
  <statecode>0</statecode>
  <statuscode>1</statuscode>
</powerpagecomponent>