<powerpagecomponent powerpagecomponentid="315218ba-9791-4a3f-8692-8849855c089a">
  <content>{
  "source": "&lt;div class=\"page-copy\"&gt;\r\n {% editable page 'adx_copy' type: 'html', liquid: true %}\r\n&lt;/div&gt;"
}</content>
  <iscustomizable>1</iscustomizable>
  <name>Page Copy</name>
  <powerpagecomponenttype>8</powerpagecomponenttype>
  <powerpagesiteid>
    <powerpagesiteid>24260cea-f583-4b0d-a1f6-fa54465f30a2</powerpagesiteid>
  </powerpagesiteid>
  <statecode>0</statecode>
  <statuscode>1</statuscode>
</powerpagecomponent>