<powerpagecomponent powerpagecomponentid="a6516047-00a6-4d7b-b5cb-751e17eba84f">
  <content>{
  "label": "[{\"LCID\":1033,\"Value\":\"Sales order\"}]",
  "fieldisrequired": false,
  "requiredfieldvalidationerrormessage": "[{\"LCID\":1033,\"Value\":\"\"}]",
  "useCustomErrorMessage": false,
  "adddescription": false,
  "descriptionposition": 100000000,
  "description": "[{\"LCID\":1033,\"Value\":\"\"}]",
  "validationMode": "simple",
  "validationregularexpression": "",
  "validationSimple": {
    "maxCharCount": "",
    "isRequired": false
  },
  "controlstyle": null,
  "addPrePopulate": false,
  "attributelogicalname": "mserp_salesordernumber",
  "entityform": "b99994df-cffd-4419-9303-fbd30f773602",
  "lcid": 1033,
  "validationregularexpressionerrormessage": "[{\"LCID\":1033,\"Value\":\"\"}]",
  "isPCFComponent": false,
  "fieldType": "StringType",
  "useattributedescriptionproperty": false,
  "telemetryData": {
    "fieldType": "StringType",
    "formId": "b99994df-cffd-4419-9303-fbd30f773602",
    "isPrePopulateEnabled": false
  },
  "type": 100000000
}</content>
  <iscustomizable>1</iscustomizable>
  <name>Create Sales Order Line (2) mserp_salesordernumber</name>
  <powerpagecomponenttype>16</powerpagecomponenttype>
  <powerpagesiteid>
    <powerpagesiteid>24260cea-f583-4b0d-a1f6-fa54465f30a2</powerpagesiteid>
  </powerpagesiteid>
  <statecode>0</statecode>
  <statuscode>1</statuscode>
</powerpagecomponent>