<powerpagecomponent powerpagecomponentid="51fd65ce-439c-465f-b6bd-eb94349e39ee">
  <content>{"enablerating":false,"enabletracking":false,"excludefromsearch":false,"feedbackpolicy":756150000,"hiddenfromsitemap":true,"isroot":false,"pagetemplateid":"8f704581-b3d2-403d-af85-1feee3003fc3","parentpageid":"3c20120f-ae44-4771-8279-18f01d27ba8d","partialurl":"search","publishingstateid":"14ab8097-7358-4744-9b53-e8941ef7d194","rootwebpageid":"8b3274e7-3c03-489b-8aa0-fec4ba92b606","sharedpageconfiguration":false}</content>
  <iscustomizable>1</iscustomizable>
  <name>Search</name>
  <powerpagecomponenttype>2</powerpagecomponenttype>
  <powerpagesiteid>
    <powerpagesiteid>24260cea-f583-4b0d-a1f6-fa54465f30a2</powerpagesiteid>
  </powerpagesiteid>
  <powerpagesitelanguageid>
    <powerpagesitelanguageid>bee0ff93-2a87-4e46-a408-415260cf1250</powerpagesitelanguageid>
  </powerpagesitelanguageid>
  <searchcontent>Search</searchcontent>
  <statecode>0</statecode>
  <statuscode>1</statuscode>
</powerpagecomponent>