<powerpagecomponent powerpagecomponentid="82e74895-ce4e-4e57-936a-6c510f8ea03d">
  <content>{
  "lcid": 1033,
  "entityname": "mserp_salesorderheaderv4entity",
  "formname": "Create Sales Order",
  "mode": 100000000,
  "onsuccess": 756150000,
  "hideformonsuccess": true,
  "redirectwebpage": null,
  "redirecturl": null,
  "captcharequired": false,
  "showcaptchaforauthenticatedusers": false,
  "entitypermissionsenabled": true,
  "attachfilestoragelocation": 756150000,
  "attachfilemaxsize": null,
  "maximumnooffiles": 5,
  "entitysourcetype": null,
  "recordidquerystringparametername": null,
  "copy": "undefined",
  "geolocation_maptype": 756150000,
  "forceallfieldsrequired": true
}</content>
  <iscustomizable>1</iscustomizable>
  <name>Create Sales Order (2)</name>
  <powerpagecomponenttype>15</powerpagecomponenttype>
  <powerpagesiteid>
    <powerpagesiteid>24260cea-f583-4b0d-a1f6-fa54465f30a2</powerpagesiteid>
  </powerpagesiteid>
  <statecode>0</statecode>
  <statuscode>1</statuscode>
</powerpagecomponent>