<powerpagecomponent powerpagecomponentid="1c8a34ac-48c6-0118-2dff-38fd992d8a3e">
  <content>{
  "filecontent": null,
  "displayorder": 12,
  "weblinksetid": "344ccb9c-8a5f-40c7-aee0-421e1c5bf86b",
  "pageid": "62630749-7140-aea4-b05d-47966d9de1b4",
  "publishingstateid": "14ab8097-7358-4744-9b53-e8941ef7d194",
  "displaypagevalidation": false,
  "displayimageonly": false,
  "displaypagechildlinks": false,
  "openinnewwindow": false,
  "robotsfollowlink": true,
  "copy": "undefined",
  "parentweblinkid": null
}</content>
  <iscustomizable>1</iscustomizable>
  <name>Sales Pricelist</name>
  <powerpagecomponenttype>5</powerpagecomponenttype>
  <powerpagesiteid>
    <powerpagesiteid>24260cea-f583-4b0d-a1f6-fa54465f30a2</powerpagesiteid>
  </powerpagesiteid>
  <statecode>0</statecode>
  <statuscode>1</statuscode>
</powerpagecomponent>