<powerpagecomponent powerpagecomponentid="2e80ea6f-5194-5b99-1257-c30fc506b2df">
  <content>{
  "displayorder": 33,
  "weblinksetid": "344ccb9c-8a5f-40c7-aee0-421e1c5bf86b",
  "pageid": "8d7f6145-7fec-0b52-c98e-3ef9f4d56d88",
  "publishingstateid": "14ab8097-7358-4744-9b53-e8941ef7d194",
  "displaypagevalidation": false,
  "displayimageonly": false,
  "displaypagechildlinks": false,
  "openinnewwindow": false,
  "robotsfollowlink": true
}</content>
  <iscustomizable>1</iscustomizable>
  <name>add lines test</name>
  <powerpagecomponenttype>5</powerpagecomponenttype>
  <powerpagesiteid>
    <powerpagesiteid>24260cea-f583-4b0d-a1f6-fa54465f30a2</powerpagesiteid>
  </powerpagesiteid>
  <statecode>1</statecode>
  <statuscode>2</statuscode>
</powerpagecomponent>