<powerpagecomponent powerpagecomponentid="465086db-d728-4460-be61-a8a3c0415153">
  <content>{
  "source": "&lt;div class=\"wrapper-body\"&gt;\r\n  &lt;section class=\"page_section section-landing\"&gt;\r\n    &lt;div class=\"container\"&gt;\r\n      &lt;div class=\"row \"&gt;\r\n        &lt;div class=\"col-lg-12\"&gt;\r\n          &lt;br&gt;\r\n          &lt;br&gt;\r\n          &lt;br&gt;\r\n          &lt;br&gt;\r\n          &lt;h1 class=\"section-landing-heading\"&gt;{% editable snippets 'Home/Title' type: 'text' %}&lt;/h1&gt;&lt;br&gt;\r\n          &lt;h2 class=\"section-landing-sub-heading\"&gt;{% editable page 'adx_summary' type: 'html', liquid: true %}&lt;/h2&gt;\r\n          &lt;br&gt;\r\n          &lt;br&gt;\r\n        &lt;/div&gt;\r\n      &lt;/div&gt;\r\n    &lt;/div&gt;\r\n  &lt;/section&gt;\r\n\r\n  &lt;section class=\"page_section\"&gt;\r\n    &lt;div class=\"layer_up\"&gt;&amp;nbsp;&lt;/div&gt;\r\n    &lt;div class=\"container\"&gt;\r\n      &lt;div class=\"content-home\"&gt;\r\n        {% include 'Page Copy' %}\r\n      &lt;/div&gt;\r\n    &lt;/div&gt;\r\n    &lt;div class=\"layer_down\"&gt;&amp;nbsp;&lt;/div&gt;\r\n  &lt;/section&gt;\r\n&lt;div class=\"push\"&gt;&lt;/div&gt;\r\n&lt;/div&gt;"
}</content>
  <iscustomizable>1</iscustomizable>
  <name>Home</name>
  <powerpagecomponenttype>8</powerpagecomponenttype>
  <powerpagesiteid>
    <powerpagesiteid>24260cea-f583-4b0d-a1f6-fa54465f30a2</powerpagesiteid>
  </powerpagesiteid>
  <statecode>0</statecode>
  <statuscode>1</statuscode>
</powerpagecomponent>