<powerpagecomponent powerpagecomponentid="1a2aa883-9dae-ca75-f928-ddb7d6def3d0">
  <content>{
  "displayorder": 2,
  "customcss": "",
  "customjavascript": "",
  "pagetemplateid": "2f3c0c74-9153-4e62-85c0-24e9548b6885",
  "parentpageid": "658ad526-e58a-f3fb-2dab-ebc24a8e2633",
  "partialurl": "Create-Sales-Order",
  "isroot": true,
  "title": "Create Sales Order",
  "summary": "&lt;p&gt;This is a sample landing page designed to be a starting point for your website&lt;/p&gt;",
  "copy": "",
  "publishingstateid": "14ab8097-7358-4744-9b53-e8941ef7d194",
  "enablerating": false,
  "enabletracking": false,
  "excludefromsearch": false,
  "hiddenfromsitemap": true,
  "sharedpageconfiguration": false
}</content>
  <iscustomizable>1</iscustomizable>
  <name>Create Sales Order</name>
  <powerpagecomponenttype>2</powerpagecomponenttype>
  <powerpagesiteid>
    <powerpagesiteid>24260cea-f583-4b0d-a1f6-fa54465f30a2</powerpagesiteid>
  </powerpagesiteid>
  <searchcontent>Create Sales OrderCreate Sales Order</searchcontent>
  <statecode>0</statecode>
  <statuscode>1</statuscode>
</powerpagecomponent>